kozak,mean.x,mean.y
AAAAAA,6.77630779775509,5.88288743447291
AAAAAC,6.71199234900147,5.93418948191598
AAAAAG,6.4340864834092,5.60219098821099
AAAAAT,6.71362581015883,5.83811347513125
AAAACA,6.74067992981376,5.94926239670089
AAAACC,6.9608882233482,6.13771430297477
AAAACG,6.60461673366638,5.7384942548413
AAAACT,6.89583530132183,6.12667617086373
AAAAGA,6.80032295974971,5.92936209424996
AAAAGC,6.67729952701189,5.80794746770762
AAAAGG,6.67858174890675,5.87030829242684
AAAAGT,6.61304048987062,5.88865949934888
AAAATA,6.88452870695041,6.00740556901491
AAAATC,6.50771688681869,5.78529191986257
AAAATG,6.72834660691891,5.971951476122
AAAATT,6.80926815677379,5.97895898643775
AAACAA,6.70856430342794,5.92943279503764
AAACAC,6.63526760459615,5.80082276566557
AAACAG,6.47355516489603,5.68985377628342
AAACAT,6.68597177657039,5.80594295887691
AAACCA,6.63836667385409,5.93000207319713
AAACCC,6.77218281751486,5.90755022260302
AAACCG,6.57486935552636,5.63496904095715
AAACCT,6.72166288023444,5.7702118794025
AAACGA,6.47704631521077,5.63924563197613
AAACGC,6.37075526132435,5.53697684121787
AAACGG,6.51111769022805,5.59128444513038
AAACGT,6.37050560451826,5.53553494313476
AAACTA,6.75531709233219,5.93827431921715
AAACTC,6.93345336541628,6.16214348530693
AAACTG,6.8558696390781,5.9050639176641
AAACTT,6.83877783073294,5.8874041319102
AAAGAA,6.83640910976229,5.91025974370666
AAAGAC,6.70334718324928,5.96979327996717
AAAGAG,6.75536956826383,5.87645588058728
AAAGAT,7.12505701511936,6.22383786042326
AAAGCA,6.39151520448167,5.70209657791808
AAAGCC,6.74478225649534,5.92336709783603
AAAGCG,6.449258911684,5.66255222429018
AAAGCT,6.75069920752561,5.95026877523963
AAAGGA,6.72225330197475,5.92764287240968
AAAGGC,6.49021896693787,5.52296500103603
AAAGGG,6.66929925610225,6.02447144999625
AAAGGT,6.5625066806064,5.69403136279895
AAAGTA,6.66153273522521,5.82814337786672
AAAGTC,6.5492952875973,5.82872256063392
AAAGTG,6.61720129452986,5.75373630938797
AAAGTT,6.72532558527099,5.88520570124649
AAATAA,6.24085669774759,5.54570124929292
AAATAC,6.79280336558199,5.86240190076333
AAATAG,6.22541616040148,5.39147315360449
AAATAT,6.58812190680463,5.68699724462351
AAATCA,6.6102315035305,5.8136098774281
AAATCC,6.67349927979937,5.95443499426016
AAATCG,6.61128481408238,5.69127127968046
AAATCT,6.51713675696025,5.64816063149554
AAATGA,4.51033072511818,4.10969121746943
AAATGC,4.79088836721073,4.48890474104427
AAATGG,3.79592507818419,2.88504396408792
AAATGT,4.74451658563758,4.39134082752336
AAATTA,6.55684978019582,5.76486526101121
AAATTC,6.63234151749402,5.79795219268008
AAATTG,6.64239517171345,5.88762835788916
AAATTT,6.67099468581353,5.64333262719098
AACAAA,6.74837847543098,5.99323835524661
AACAAC,6.49605508686762,5.85744127377744
AACAAG,6.66800677653641,5.98543565568348
AACAAT,6.63670785643221,5.92753522520343
AACACA,6.7760088416761,5.96105216805547
AACACC,6.61661001915163,5.89215548859214
AACACG,6.61805558713564,5.93611571264627
AACACT,6.45545356100512,5.82737300082397
AACAGA,6.61598048268504,5.88840955427539
AACAGC,6.74532941053526,5.92716957504779
AACAGG,6.49869668842327,5.69124061117952
AACAGT,6.48233386435504,5.63525783627726
AACATA,6.2722944412653,5.58058788081786
AACATC,6.62687690884573,5.94037907042995
AACATG,6.73627459924847,5.91526847197024
AACATT,6.76703172450915,5.8704445118699
AACCAA,6.45737828958193,5.77610055781419
AACCAC,6.66355296563505,5.88313158142838
AACCAG,6.65374550622053,5.78127252761522
AACCAT,6.54024900495913,5.79826450029893
AACCCA,6.63210109161165,5.83763338709747
AACCCC,6.18952841619133,5.53618243914267
AACCCG,6.4832610872075,5.67824209542202
AACCCT,6.7049179655237,5.78357055808609
AACCGA,6.6007372296265,5.92913750397303
AACCGC,6.21938992510968,5.51175242970661
AACCGG,6.55114974505966,5.44758222479681
AACCGT,6.23229651677,5.39478666665483
AACCTA,6.75026333694602,5.88558102201633
AACCTC,6.65770902909003,5.72248412892729
AACCTG,7.04673886683414,5.92837317831957
AACCTT,7.0283538899894,5.8919028485397
AACGAA,6.63841943201077,5.89691288227434
AACGAC,6.57542592233695,5.9257802920999
AACGAG,6.51774084541883,5.86230200416742
AACGAT,6.52786849244325,5.773922774446
AACGCA,6.67350026749388,5.93461133580851
AACGCC,5.98626030450067,5.30475369627667
AACGCG,6.629103445096,5.76156482569077
AACGCT,6.9679106598692,6.19364966501613
AACGGA,6.6156052328826,5.84318733589815
AACGGC,6.67658254309202,5.81713526227484
AACGGG,6.35011157791655,5.74711178836026
AACGGT,6.53176028998709,5.60590203260045
AACGTA,6.79517320039598,5.9534677375418
AACGTC,6.6165965665908,5.7815041001352
AACGTG,6.6546951504508,5.7574360743988
AACGTT,6.92965567275088,6.04515039770956
AACTAA,6.23102404659954,5.7004198872542
AACTAC,6.88963640175065,6.008410737515
AACTAG,6.69896424043077,5.77664794263413
AACTAT,6.50467435777018,5.68627867845929
AACTCA,6.59101552640388,5.7444156309835
AACTCC,6.51565230664652,5.70336470026304
AACTCG,6.51623043153,5.7184296019191
AACTCT,6.66149079636888,5.80050365202325
AACTGA,6.26220303397157,5.53319029011347
AACTGC,6.34292242561179,5.52595446017695
AACTGG,6.04491462267414,5.23350000788989
AACTGT,6.24633975726267,5.40766442515907
AACTTA,6.69436328588527,6.00968080587964
AACTTC,6.50369451118744,5.71944389706767
AACTTG,6.59389388719175,5.71674070575975
AACTTT,6.31606730058815,5.56196490443283
AAGAAA,6.76455919404787,5.92291496667108
AAGAAC,6.7765670762241,6.05030578556262
AAGAAG,6.72531935443624,5.95763340660829
AAGAAT,6.84127240712862,5.91381879835823
AAGACA,6.88589734740674,5.99962428215543
AAGACC,6.70477892878818,5.9594048390517
AAGACG,6.58771068651728,5.88715581768386
AAGACT,6.96140611122798,6.05647122872074
AAGAGA,6.75074154708663,5.96056846033985
AAGAGC,6.45130767966149,5.71820858234989
AAGAGG,6.56535215374842,5.84064299141145
AAGAGT,6.714592101363,5.91000546626275
AAGATA,6.95338885673912,6.00441573388594
AAGATC,6.51898225675928,5.77325663840847
AAGATG,6.97049332827323,6.13101270977758
AAGATT,6.66296696925374,5.849854609044
AAGCAA,6.76736186209821,5.94338061398046
AAGCAC,6.75836596656443,5.86707166299515
AAGCAG,6.3998092955202,4.7676000583101
AAGCAT,6.30235701043031,5.53617478958608
AAGCCA,6.31319407795491,5.34750507806764
AAGCCC,6.42689448271313,5.41973911139469
AAGCCG,6.15354087525279,5.18494616258674
AAGCCT,6.7199068857588,5.534207301294
AAGCGA,6.62862555924464,5.76125289583442
AAGCGC,6.40252389183716,5.60546267964988
AAGCGG,6.22528217860925,5.18738143488009
AAGCGT,6.65520439589422,5.72748928795759
AAGCTA,6.48648688227491,5.69061004937065
AAGCTC,6.63004438440778,5.79081887554315
AAGCTG,6.20237052192247,5.26993331502494
AAGCTT,6.85934428861919,5.88750745321145
AAGGAA,6.76779289073101,5.88793826913357
AAGGAC,6.70407504770048,5.85412305705342
AAGGAG,6.62867576070608,5.87914656091346
AAGGAT,6.82079686895262,5.94078788187293
AAGGCA,6.59655952631561,5.78776604622833
AAGGCC,6.26145053352036,5.70359925008116
AAGGCG,6.27400339120807,5.50452751349073
AAGGCT,6.2975591670645,5.55262097795209
AAGGGA,6.48149318229853,5.77760969268435
AAGGGC,6.42799217449436,5.83290966334474
AAGGGG,6.49074787730437,5.89921157647528
AAGGGT,6.3076685518306,5.51079138305813
AAGGTA,6.60362309245753,5.72669157872669
AAGGTC,6.7687082591821,6.07359943124019
AAGGTG,6.49112004499103,5.80734876095072
AAGGTT,6.75482530718377,5.85940187566333
AAGTAA,6.4077552477896,5.66892186965098
AAGTAC,6.54129703687673,5.66885920476876
AAGTAG,5.96478694519711,5.12132713377617
AAGTAT,6.27873198459008,5.36216694651365
AAGTCA,6.55477633592704,5.84575765699926
AAGTCC,6.6124713594728,5.80862451045634
AAGTCG,6.54871830912916,5.74216235900614
AAGTCT,6.34481234179662,5.66134555958887
AAGTGA,5.82033293478669,5.22796357137735
AAGTGC,6.02425865661948,5.15765078119917
AAGTGG,6.09532764051347,5.31621026606516
AAGTGT,6.11140579539551,5.38858312077364
AAGTTA,6.72786539624992,5.74994086728186
AAGTTC,6.29949045510848,5.58684119843095
AAGTTG,6.73774782456831,5.84883899233558
AAGTTT,6.3825910376965,5.60248255249296
AATAAA,6.6945048614505,5.9079571869059
AATAAC,6.91293035013838,6.0873303980672
AATAAG,6.58071447428787,5.86521476694527
AATAAT,7.03247581336242,6.03529499746242
AATACA,6.91408715446919,6.12324794043148
AATACC,6.79569725637747,5.97845657590161
AATACG,6.87826153279265,6.11035711920162
AATACT,6.75034125988316,5.92654204359224
AATAGA,6.72400322218302,5.90692231497099
AATAGC,6.54333708068891,5.69685691453287
AATAGG,6.67525235181965,5.83524180609132
AATAGT,6.81551179602286,5.99769627613076
AATATA,6.93184500003748,6.14508164483585
AATATC,6.66831433408948,5.86585898755244
AATATG,7.1730970672796,6.2257367781125
AATATT,6.58052421187888,5.83232042872708
AATCAA,6.49392230483601,5.85542971826508
AATCAC,6.55752271981866,5.87265027140786
AATCAG,6.4005464704734,5.61438173881254
AATCAT,6.66497602401309,5.73844102176951
AATCCA,6.66103255167661,5.8446775751379
AATCCC,6.80679559182151,5.94620376358397
AATCCG,6.46699308109667,5.60124821738216
AATCCT,6.43687040408633,5.65114424890622
AATCGA,6.84352053828979,5.96535273274916
AATCGC,6.21548585688304,5.21786081448446
AATCGG,6.57446247043758,5.68676385528414
AATCGT,6.42210905438384,5.4021942561936
AATCTA,6.90782257551857,5.89035416397983
AATCTC,6.709457332502,5.9059312325868
AATCTG,6.76256556655819,5.87432383043904
AATCTT,6.75372375529506,5.86673797042392
AATGAA,5.97713817271194,5.3988783112959
AATGAC,5.82473992890278,5.32411880365056
AATGAG,5.72901368026872,5.1977511031184
AATGAT,5.88418467145224,5.4153315477689
AATGCA,5.69739104204318,5.13149175396545
AATGCC,5.80597771695745,5.2292591391222
AATGCG,5.93317374676859,5.28177009751846
AATGCT,5.82449271704881,5.22927254679119
AATGGA,5.06006727386955,4.66756649327737
AATGGC,5.01859821037649,4.59130571104583
AATGGG,5.41226280423433,4.98213826354504
AATGGT,5.41172152438303,4.92793391892011
AATGTA,5.66030242485083,4.77028481135531
AATGTC,5.58480713392587,4.95793872579592
AATGTG,5.65110205908546,4.83455121331722
AATGTT,5.62526981679753,5.12546485100388
AATTAA,6.4575937221254,5.70130260843901
AATTAC,6.23164135306242,5.521321440445
AATTAG,6.25008522031091,5.57793805722323
AATTAT,6.38259494555545,5.55508947477455
AATTCA,6.64202910316636,5.76657462514841
AATTCC,6.940457636592,5.90806313620686
AATTCG,6.20885702325395,5.69867604663465
AATTCT,6.61867060630257,5.79951888604405
AATTGA,6.31356032937542,5.46097389939792
AATTGC,6.31748033421344,5.44119336110618
AATTGG,6.69053004473264,5.83356935294609
AATTGT,6.60256798076127,5.78372310326437
AATTTA,6.89993156788991,5.92087173791615
AATTTC,6.21343340195396,5.59468491860406
AATTTG,6.6840589872416,5.77779949980111
AATTTT,6.82181306440211,5.69620593963859
ACAAAA,6.55971070030971,5.73167780844623
ACAAAC,6.825343380941,6.04152391248653
ACAAAG,6.50227688923559,5.68987737306883
ACAAAT,6.66420942953886,5.82629023960029
ACAACA,6.63876153978253,5.88701221873116
ACAACC,6.42177023460853,5.80310272773862
ACAACG,6.53864903713283,5.75351819978961
ACAACT,6.7198882298192,5.87386311497893
ACAAGA,6.57432386392628,5.8249950397786
ACAAGC,6.62559077824594,5.94879992508323
ACAAGG,6.39675446295404,5.67383997215801
ACAAGT,6.71852447029912,6.02715858276728
ACAATA,6.72032502280275,5.97698096129783
ACAATC,6.85116124181148,5.99041624654758
ACAATG,6.9354918448839,6.08359529230924
ACAATT,6.93996755013862,6.05446384741294
ACACAA,6.57160087855118,5.82173408405337
ACACAC,6.30925164193972,5.61855742979554
ACACAG,6.38740731806978,5.58722143214516
ACACAT,6.59320027284464,5.69814412014161
ACACCA,6.55201676097845,5.8868389919901
ACACCC,6.85912517024243,6.03097554610486
ACACCG,6.24925784707141,5.43266931446848
ACACCT,6.57583917538292,5.6750272160725
ACACGA,6.66316533041449,5.89230730101551
ACACGC,6.33959541265486,5.71226416962529
ACACGG,6.31811446012058,5.61231416392843
ACACGT,6.5820284481427,5.9333030226533
ACACTA,6.88656626107486,6.02504531969686
ACACTC,6.81291606927793,6.00508422035854
ACACTG,6.88736479369425,5.8368237554992
ACACTT,6.53037697154012,5.79424093873084
ACAGAA,6.71940674443983,6.00672601399472
ACAGAC,6.54736941314915,5.67087071673962
ACAGAG,6.63478663321657,5.88375094460537
ACAGAT,6.82197663130704,5.96562720456843
ACAGCA,6.4663585949925,5.7400082270731
ACAGCC,6.81372764193455,5.91407377158424
ACAGCG,6.43889286002353,5.65096294736706
ACAGCT,7.13134365144625,6.12541417550687
ACAGGA,6.55823044807233,5.77404776199677
ACAGGC,6.5131007779804,5.71354988784118
ACAGGG,6.60591260594432,5.9541594396518
ACAGGT,6.77775468821724,5.98849260425454
ACAGTA,6.90169132215043,6.06830883554078
ACAGTC,6.73410385717795,6.00937148032841
ACAGTG,6.56918894043111,5.85657902758741
ACAGTT,7.1344440325,6.2865231686405
ACATAA,5.95901809663505,5.35351697303964
ACATAC,6.37746757037555,5.71525502997382
ACATAG,6.39455405357952,5.65165400124952
ACATAT,6.51142535533195,5.71647528514805
ACATCA,6.31685118353386,5.70841838203377
ACATCC,6.4745358167374,5.76391024531883
ACATCG,6.46867273574712,5.68629475603288
ACATCT,6.46902895012575,5.81795191191288
ACATGA,4.673841894296,4.3418018554265
ACATGC,5.16677646857053,4.65928005693853
ACATGG,3.6819911452684,3.02087476202009
ACATGT,4.90473831163205,4.63450342571705
ACATTA,6.66331165687161,5.74026341991796
ACATTC,6.49906018934729,5.83632219016085
ACATTG,6.59939303173259,5.77795245708365
ACATTT,6.89350289033898,5.85654969117576
ACCAAA,6.75121800509405,5.98722351468095
ACCAAC,6.64077187977943,5.9872130471283
ACCAAG,6.47923530316814,5.74348770879523
ACCAAT,6.73009145225447,5.98582314929471
ACCACA,6.47784168765357,5.87025147051878
ACCACC,6.38234723707553,5.63281677234934
ACCACG,6.8085800054729,5.86185733939408
ACCACT,6.2933773521487,5.36637748468185
ACCAGA,6.28227303079836,5.54000829804452
ACCAGC,6.6788675002202,5.79578819074569
ACCAGG,6.12808635406604,5.15550830450703
ACCAGT,6.65306826756576,5.82228774177254
ACCATA,6.7589995555154,5.98437867728515
ACCATC,6.42653486112479,5.65064568661437
ACCATG,6.80917372148548,5.91425498230371
ACCATT,6.25813908312768,5.40431910561652
ACCCAA,6.48723641051386,5.73991095317977
ACCCAC,6.37325243712125,5.76363511165325
ACCCAG,6.74986378807167,5.83823297604803
ACCCAT,6.61722604147024,5.53876202582268
ACCCCA,6.57102190360764,5.64309268449273
ACCCCC,6.07543580500857,5.57678402479
ACCCCG,6.47965711540944,5.52317438806796
ACCCCT,6.706916121292,6.0259884375624
ACCCGA,6.5184542016548,5.6228462582978
ACCCGC,6.31871291456033,5.46826950449567
ACCCGG,6.24792672203343,5.19804146825971
ACCCGT,6.24694268879842,5.55191735185368
ACCCTA,6.9555108826672,5.9808355813326
ACCCTC,6.72215410154262,5.81450896629643
ACCCTG,6.72233422970865,5.75211176654865
ACCCTT,6.52291141220045,5.787279809545
ACCGAA,6.62469618829032,5.91191234761409
ACCGAC,6.74902301082344,5.91379150501032
ACCGAG,6.60583427174553,6.01707791513127
ACCGAT,6.3776474047082,5.68696490524574
ACCGCA,6.61835927658025,5.93949893546012
ACCGCC,6.01970611651727,5.18458636145636
ACCGCG,6.89553855900587,5.86984816247391
ACCGCT,6.52404729066911,5.68385320161455
ACCGGA,6.63970037064206,5.68024247496132
ACCGGC,6.53801782595197,5.60385210765382
ACCGGG,6.0912981240437,5.05908348544432
ACCGGT,6.20356091502403,5.37093331214792
ACCGTA,6.3186069283081,5.85245840064127
ACCGTC,6.66972323871171,5.87348565947086
ACCGTG,6.66462071186046,5.840673151372
ACCGTT,6.82786820098963,6.01527832989778
ACCTAA,6.11114481694429,5.48171489760104
ACCTAC,6.51899047608908,5.6844475538061
ACCTAG,5.97527075178731,5.34801497560433
ACCTAT,6.59578388927443,5.90611674410557
ACCTCA,6.30884333925687,5.66962966407234
ACCTCC,6.06594515905491,5.40161911014544
ACCTCG,6.18906582798452,5.27250048602
ACCTCT,6.81149682851467,5.88848854121956
ACCTGA,5.81149405943662,5.05331707098897
ACCTGC,6.58668650889933,5.77587407098156
ACCTGG,6.19104517568873,5.29348032388055
ACCTGT,6.66641799907526,5.74998252123395
ACCTTA,6.57865350599867,5.75316012065533
ACCTTC,6.69081040239286,5.76091250051143
ACCTTG,6.58883332321323,5.65164143278226
ACCTTT,6.29692107078919,5.32531943999595
ACGAAA,6.9512309893448,6.07831946405324
ACGAAC,6.61732749768608,5.8726965644636
ACGAAG,6.4995272314119,5.7689489637884
ACGAAT,6.82034056965033,6.00994116095008
ACGACA,7.11522868560626,6.21124806117715
ACGACC,6.921482312212,6.05440306103018
ACGACG,6.61955734200944,5.82063510883183
ACGACT,6.62730561565532,5.83095634202597
ACGAGA,6.69042839171782,5.92921966455983
ACGAGC,6.00923113031942,5.41253326006654
ACGAGG,6.7365869423787,6.10183810016833
ACGAGT,6.66959006298026,5.86127803357462
ACGATA,6.5521820596001,5.75026495498584
ACGATC,6.53436712143507,5.8864985999248
ACGATG,6.54893531982338,5.81834101911014
ACGATT,6.72101985961703,5.96409058738391
ACGCAA,6.62584670787174,5.77469117226122
ACGCAC,6.6356730927594,5.76174089528478
ACGCAG,6.54687505713097,4.97955017052887
ACGCAT,6.36759747161744,5.60081643670605
ACGCCA,5.98761036697449,5.69538752333571
ACGCCC,6.64285859053889,5.75157811492222
ACGCCG,6.05005509261857,5.09328896007991
ACGCCT,6.34705935319412,5.29403264114912
ACGCGA,6.61244759154041,5.72441985593577
ACGCGC,6.30748989295088,5.44060896831035
ACGCGG,5.96065123543221,5.15557102237694
ACGCGT,6.22940020954922,5.62545071916196
ACGCTA,6.78410968687154,5.92515515213827
ACGCTC,6.51918270452868,5.76713094826283
ACGCTG,6.96307104349087,5.809929132645
ACGCTT,6.69037316584818,5.67919307209333
ACGGAA,6.68033186197376,5.84843346670268
ACGGAC,6.65134539030605,5.85131685283395
ACGGAG,6.39220186236546,5.53751884461124
ACGGAT,6.58310703437949,5.84164156693918
ACGGCA,6.75416762937,5.90624732739358
ACGGCC,6.92120592486264,6.10590535312766
ACGGCG,6.14839116207,5.29420409468509
ACGGCT,6.67045141909916,5.91680105249789
ACGGGA,6.53761103607069,5.8493202694958
ACGGGC,6.40801260982349,5.62868504080709
ACGGGG,6.34472355702677,5.64367925832646
ACGGGT,6.60867797616902,5.87732187342076
ACGGTA,6.5984170107954,5.75130757833508
ACGGTC,6.58096622242135,5.84663949556781
ACGGTG,6.83721384386137,5.86975988151151
ACGGTT,6.42013153711671,5.67550244122164
ACGTAA,6.13188235696167,5.41013577782682
ACGTAC,6.71819270756778,5.85793220860062
ACGTAG,6.12116917667789,5.23728035225222
ACGTAT,6.30077940881405,5.51845265058798
ACGTCA,6.51744928072408,5.68855651390898
ACGTCC,6.8855691543291,6.04667763637776
ACGTCG,6.65938645000237,5.86889216275508
ACGTCT,6.52301306260594,5.72982332100563
ACGTGA,5.89179215052407,5.22694607575846
ACGTGC,6.05408992015794,5.31104176879221
ACGTGG,6.20675067175194,5.4728074679521
ACGTGT,6.22447059992968,5.52596375299403
ACGTTA,6.59458619771765,5.71646293343445
ACGTTC,6.51303523087453,5.72238725956844
ACGTTG,6.56095577136798,5.8440951811475
ACGTTT,6.40321177358778,5.59486913457222
ACTAAA,7.01615128283045,6.18105047130381
ACTAAC,6.57720720891839,5.83007740560312
ACTAAG,6.62141925274029,5.78391744115842
ACTAAT,7.00091732490776,6.08920801177633
ACTACA,6.63385523386182,5.79053747341273
ACTACC,6.74205190768881,5.91267445953761
ACTACG,6.34214489355643,5.71621172939681
ACTACT,6.908163915946,6.07313916472814
ACTAGA,6.64183130185162,5.92135905172162
ACTAGC,6.95971099332918,6.08638097939607
ACTAGG,6.89913304728864,5.87876053814909
ACTAGT,7.12555389505806,6.31513205124418
ACTATA,6.88754082928413,6.00170824783762
ACTATC,6.63107106503478,5.9067732950712
ACTATG,6.72579766772491,5.93948911362965
ACTATT,6.712217797404,5.91600500054853
ACTCAA,6.78354883166722,5.97565491010687
ACTCAC,6.65130682231592,5.6540853530569
ACTCAG,6.36364219278725,5.64989104367563
ACTCAT,6.371619373165,5.49789274030408
ACTCCA,6.31798659882458,5.56297625883083
ACTCCC,6.2269826572712,5.5759135667878
ACTCCG,6.06499138271305,5.23408182294288
ACTCCT,6.94809771114564,5.96106045156641
ACTCGA,6.74229430599381,5.85079172789917
ACTCGC,6.21838929136364,5.44589281336523
ACTCGG,6.27013102427341,5.41815009899122
ACTCGT,6.35923719648018,5.37411096889893
ACTCTA,6.79706058019545,6.13186564006712
ACTCTC,6.616225012715,5.8331107463038
ACTCTG,6.72520705616098,5.65249515716122
ACTCTT,6.56030076815122,5.41928857435341
ACTGAA,6.80522790451,6.12860521657339
ACTGAC,6.82935158356753,5.97647264889041
ACTGAG,6.8159143021571,5.92831298736435
ACTGAT,7.0278247516161,6.0384338680783
ACTGCA,6.61311947596766,5.77184924469872
ACTGCC,6.69560167286108,5.88414699095459
ACTGCG,6.6726608219531,5.73202792150086
ACTGCT,6.74319451569981,5.81298542348711
ACTGGA,6.6270447383332,5.7566639759768
ACTGGC,6.24298002587628,5.52385897278872
ACTGGG,6.44835691464773,5.79699765146273
ACTGGT,6.65100360111426,5.77285689589066
ACTGTA,6.65141105176274,5.85326488443594
ACTGTC,6.79740932116891,5.96564135459656
ACTGTG,6.73520800393635,5.93915846624825
ACTGTT,6.94024038037848,6.0351280952487
ACTTAA,5.95998994495266,5.31431500268101
ACTTAC,6.54190766486621,5.7446285241453
ACTTAG,5.97718306619885,5.14746094109442
ACTTAT,6.56199669040191,5.74041286161485
ACTTCA,6.62540846787638,5.85498602295213
ACTTCC,6.27056327407543,5.61962903118109
ACTTCG,6.60275221012731,5.6716736328091
ACTTCT,6.76105197553647,5.91228838142275
ACTTGA,5.93461809471629,5.28670353672143
ACTTGC,5.8502079418217,5.19174039191547
ACTTGG,6.19733845121768,5.18408751975277
ACTTGT,6.20071877322132,5.32671741909691
ACTTTA,6.34197755787897,5.56611950692828
ACTTTC,6.55614410347766,5.69337508441359
ACTTTG,6.36146030086408,5.55738471186061
ACTTTT,6.45017117795173,5.44431439236769
AGAAAA,6.79262488603793,5.96732164621397
AGAAAC,6.95512468095351,6.06393645924688
AGAAAG,6.58100136192,5.76865019855132
AGAAAT,6.72773740992594,5.79735647417494
AGAACA,6.71069873336444,5.97716681756139
AGAACC,6.82000046161989,6.02081046065318
AGAACG,6.61273880937298,5.81685516229452
AGAACT,6.86897504712564,6.03840157991921
AGAAGA,6.56855148266246,5.79561497573641
AGAAGC,6.67940895146054,5.81222879265543
AGAAGG,6.40252991195946,5.63927581025454
AGAAGT,6.47111995144395,5.72108583739903
AGAATA,6.71294335674145,5.88991868513605
AGAATC,6.80172242846928,5.92491275573869
AGAATG,7.03346611165472,5.98606758685481
AGAATT,6.93951199924406,6.02166715379632
AGACAA,6.61142312710673,5.89905432000263
AGACAC,6.40540668330019,5.57223963180631
AGACAG,6.23460165394731,5.37812457816935
AGACAT,6.69727823894486,5.93479640314766
AGACCA,6.82574334965667,5.8857022668679
AGACCC,6.79574481839339,5.89591490412625
AGACCG,6.40698968958708,5.25361993427389
AGACCT,6.46970137067744,5.60264114142674
AGACGA,6.52370293314936,5.85714894341109
AGACGC,6.21498001796297,5.27716291302781
AGACGG,6.16547294276398,5.39003424946903
AGACGT,6.87292206396809,5.98528809191471
AGACTA,6.71563589710258,5.83481078256155
AGACTC,6.63681425647297,5.88109108818172
AGACTG,6.75197641959508,6.00042950067983
AGACTT,6.49432430273273,5.69612219694727
AGAGAA,6.64780320190147,5.83208834297202
AGAGAC,6.31697027524786,5.56118214071643
AGAGAG,6.68587662401815,5.86896125061655
AGAGAT,6.76816864360948,6.02519470279922
AGAGCA,6.88155995728635,6.01336278113835
AGAGCC,6.74632710726444,5.94718995324037
AGAGCG,6.48543367036864,5.77729180724198
AGAGCT,7.00521555742833,6.1215241597775
AGAGGA,6.55445646104538,5.8216514366785
AGAGGC,6.78189262019904,5.93086863751266
AGAGGG,6.54211406659806,5.84408039111903
AGAGGT,6.47797285368178,5.86280503872754
AGAGTA,6.59449587223436,5.85489335376786
AGAGTC,7.09085789810899,6.24432195625393
AGAGTG,6.96487748098437,6.21768168199676
AGAGTT,6.70802811021021,5.89204375850887
AGATAA,6.54212741414463,5.77875048642374
AGATAC,6.74714369835074,5.94195914332697
AGATAG,6.24883633337833,5.51582964933518
AGATAT,6.5559459704359,5.7430298273292
AGATCA,6.69892136206458,5.96825403420879
AGATCC,6.39470389328558,5.51927990413753
AGATCG,6.64986622683345,5.80901414021464
AGATCT,6.92497967579779,6.02388122394368
AGATGA,4.40250088491244,4.21482782315006
AGATGC,4.77336797169908,4.42413557177618
AGATGG,3.809253699561,2.94753072466086
AGATGT,5.07622675039187,4.58149493065281
AGATTA,6.75034387790755,5.81585316976009
AGATTC,6.75122957657851,5.89301721075968
AGATTG,6.85670810616922,5.94317325251208
AGATTT,6.52729437514667,5.64600032402691
AGCAAA,6.6419852507594,5.79875020199752
AGCAAC,6.71016124957981,5.86391811477657
AGCAAG,6.74185788193152,5.74548783416064
AGCAAT,6.66029721299187,5.90994359363081
AGCACA,6.6482154556597,5.83325106692644
AGCACC,6.49355287872054,5.68013249815089
AGCACG,6.90663388301686,5.98195349418871
AGCACT,6.57960693723,5.66536389141657
AGCAGA,6.5748940742967,5.59841819535967
AGCAGC,6.28118468971889,5.39312470928236
AGCAGG,6.68459669812897,5.85658905121711
AGCAGT,6.35502407622236,5.59954941710569
AGCATA,6.47048481921795,5.70547160819735
AGCATC,6.79045010311421,6.0116791033754
AGCATG,6.96572741509824,5.8121022429796
AGCATT,6.80212050113202,6.03390452650595
AGCCAA,6.66819796516043,5.88439271494058
AGCCAC,6.21225181608561,5.52791092324684
AGCCAG,6.6304020142736,5.689683376104
AGCCAT,6.04097295518333,5.28920454281556
AGCCCA,6.387862673091,5.4917330316095
AGCCCC,6.44080086922615,5.69338020617385
AGCCCG,6.15447715530083,5.41430319471667
AGCCCT,5.241687054134,4.86944113021
AGCCGA,6.5039069477585,5.5885790980315
AGCCGC,6.45390561083973,5.40009726106486
AGCCGG,5.83935734228803,4.85185996119412
AGCCGT,6.83996375651033,5.84057576714033
AGCCTA,6.54333696554333,5.57612014099639
AGCCTC,5.98080654336633,5.20877652663067
AGCCTG,6.1554110852087,5.33348778759478
AGCCTT,5.60384510044312,5.14365354437667
AGCGAA,6.86027993759092,6.07020155743842
AGCGAC,6.63863418175362,5.77426074066536
AGCGAG,6.42800509101253,5.61427056687798
AGCGAT,7.01817518594536,6.01995318850493
AGCGCA,6.74867931317274,5.92459520287176
AGCGCC,6.32376583354812,5.54761439741531
AGCGCG,6.27421709939536,5.53676297053839
AGCGCT,7.15651960411487,6.2911555138654
AGCGGA,6.6324968915246,5.7597656906715
AGCGGC,6.41886143804354,5.54791234624115
AGCGGG,6.30864593821987,5.70984488493092
AGCGGT,6.26443800273925,5.54322041366895
AGCGTA,6.72807567625411,5.90281081731463
AGCGTC,6.79629787555114,6.10790456616203
AGCGTG,6.71836493598157,5.80934259306333
AGCGTT,6.7961310518083,6.06296272919322
AGCTAA,6.262520677208,5.50234946760956
AGCTAC,7.02362894422861,6.01475185239633
AGCTAG,6.38311304687,5.49601269931075
AGCTAT,6.46226228824958,5.54973433889301
AGCTCA,6.74353482063913,5.86786016815638
AGCTCC,6.84781615997558,5.96812492253279
AGCTCG,6.47361214223629,5.548876748025
AGCTCT,6.70367868029114,5.74932478272657
AGCTGA,6.19825523464241,5.28358230979241
AGCTGC,6.64908156001087,5.66036054579957
AGCTGG,6.43181703303639,5.54430055250492
AGCTGT,6.52093373437646,5.61592489701083
AGCTTA,6.84129742107533,6.06553452026267
AGCTTC,6.71883971564167,5.8745501700455
AGCTTG,6.61529026106982,5.63176994316702
AGCTTT,6.16783372089522,5.40458270917587
AGGAAA,6.76356346417072,5.92238679235518
AGGAAC,6.44063697994482,5.8269075718974
AGGAAG,6.6227786920764,5.74933515891552
AGGAAT,6.93084754188094,6.02395062964
AGGACA,6.57131553413822,5.76658895716994
AGGACC,6.6469977125399,5.9120744332132
AGGACG,6.58134400517351,5.77643834244247
AGGACT,6.74389610541777,5.91597665086894
AGGAGA,6.51949568477582,5.69241860308171
AGGAGC,6.42438697524618,5.70632035537724
AGGAGG,6.60918963259323,5.96274034989105
AGGAGT,6.64766763872281,5.93643910419052
AGGATA,6.79315449049726,5.98026580893871
AGGATC,6.64917555719744,5.96650301500605
AGGATG,6.69668133757491,5.90106745336895
AGGATT,6.81572306258073,6.05406382629207
AGGCAA,6.65810658785801,5.86878438205635
AGGCAC,6.22239830093402,5.39085216403286
AGGCAG,6.41398802441605,5.10083210453532
AGGCAT,6.45350466468292,5.59152476776594
AGGCCA,6.49108816889942,5.78282194134304
AGGCCC,6.00465529090579,5.27475918916237
AGGCCG,6.10188955434893,5.26247621109982
AGGCCT,6.42288937559737,5.44666469348342
AGGCGA,6.25438654213202,5.59660514028814
AGGCGC,6.43669735563444,5.6052301201254
AGGCGG,6.21101746726406,5.29394184608769
AGGCGT,6.42077537703797,5.58623261954405
AGGCTA,6.92644584332485,5.91661888730139
AGGCTC,6.45617110355699,5.59871548734438
AGGCTG,6.24894617385714,5.24230708198452
AGGCTT,6.63647934562726,5.59553568911081
AGGGAA,6.53970700477938,5.8458988582675
AGGGAC,6.57675885218937,5.88121863561911
AGGGAG,6.35679396507895,5.71960024857992
AGGGAT,6.43521628989722,5.66809876667667
AGGGCA,6.6661830329934,5.94204416426124
AGGGCC,6.51216475540182,5.85088189692182
AGGGCG,6.3991579963459,5.6469137772304
AGGGCT,6.76234182157313,6.07482066200387
AGGGGA,6.46342703602295,5.82571869798674
AGGGGC,6.38307518020293,5.60293231888397
AGGGGG,6.47009066484613,5.73566797441171
AGGGGT,6.34164607350362,5.67738095614752
AGGGTA,6.5761558417253,5.83405445983015
AGGGTC,6.71324298484952,6.03390668248519
AGGGTG,6.44595194027876,5.6103614041936
AGGGTT,6.84824199441825,6.16114563468019
AGGTAA,6.35090009065058,5.58160032323256
AGGTAC,6.40366497951193,5.61101255095416
AGGTAG,6.28678896380504,5.42526230858817
AGGTAT,6.34364471878543,5.49296172163638
AGGTCA,6.60055378547677,5.79307626388123
AGGTCC,6.72398924940481,5.8016072313843
AGGTCG,6.22012794587849,5.43441738061521
AGGTCT,6.382100936879,5.59896504093017
AGGTGA,6.0601450172866,5.2573295730378
AGGTGC,6.10260234260084,5.32371551057549
AGGTGG,6.0952085795265,5.2889409260999
AGGTGT,6.14111878193554,5.29895863291973
AGGTTA,6.55620257267282,5.69046042062318
AGGTTC,6.56934575268676,5.77070597922619
AGGTTG,6.74812381677042,5.84322329825403
AGGTTT,6.41978932909413,5.5571485368375
AGTAAA,6.80579507544499,5.97209832576903
AGTAAC,6.69159197155416,5.89877845136352
AGTAAG,6.70597959661771,5.93649960080712
AGTAAT,6.9565324124392,6.14689180416893
AGTACA,6.68755122686675,5.78000115025992
AGTACC,7.04572101353467,6.143148344464
AGTACG,6.70242296246111,5.92502093371367
AGTACT,6.79676976639049,5.92354144241476
AGTAGA,6.92560109710879,5.99495152021
AGTAGC,6.30641087113836,5.58425491785269
AGTAGG,6.39855560104371,5.69697550240577
AGTAGT,6.84453231806838,6.00331481595352
AGTATA,6.82305630760967,5.79056689497489
AGTATC,6.8064611936867,6.1062759643271
AGTATG,6.80539142751117,5.87740500311766
AGTATT,6.73069640272813,5.8385227945856
AGTCAA,6.70972892928789,5.92048584671692
AGTCAC,6.56967993581257,5.89991301764515
AGTCAG,6.51884344930293,5.31422648189899
AGTCAT,6.62312565584059,5.78535191847772
AGTCCA,6.5463916963911,5.6960893404511
AGTCCC,6.71845238802595,5.62712798124095
AGTCCG,6.30590968561597,5.42144680778935
AGTCCT,6.38182269626591,5.49651421437432
AGTCGA,6.36993511267641,5.51688277182087
AGTCGC,6.35832560500743,5.83719286063914
AGTCGG,6.4162907059097,5.45281231368222
AGTCGT,6.43631112740963,5.47227665497074
AGTCTA,6.91965943554375,5.99533498547236
AGTCTC,6.64568702201051,5.83866102877658
AGTCTG,6.78994075030167,5.89215724072606
AGTCTT,6.48214057249348,5.706734781705
AGTGAA,6.84230555578125,6.02151942902183
AGTGAC,6.56018336140722,5.85174726778089
AGTGAG,6.55413803747575,5.78184470048689
AGTGAT,6.55894244171737,5.61092729301645
AGTGCA,6.43073966615129,5.59840471061318
AGTGCC,6.38325966428348,5.64422974369065
AGTGCG,6.55940987064338,5.52137664857747
AGTGCT,6.99368505160386,6.11126380304123
AGTGGA,6.9615262203919,6.07351437795284
AGTGGC,6.05536487211439,5.34539949938318
AGTGGG,6.63477531533681,5.72921053216611
AGTGGT,6.55204403819144,5.68135413588933
AGTGTA,6.63289348559513,5.95833755252237
AGTGTC,6.48233923340919,5.72548181450892
AGTGTG,6.843495699976,5.847727131383
AGTGTT,6.79528125414234,5.78596424758694
AGTTAA,6.1388598134804,5.45629703885545
AGTTAC,6.31529789982604,5.57555767019881
AGTTAG,6.28711287245905,5.49705776572905
AGTTAT,6.55079050374978,5.6577366734113
AGTTCA,6.84494863615802,5.96486524240689
AGTTCC,6.82119416415924,5.93343574065439
AGTTCG,6.4954828262181,5.6913098065927
AGTTCT,6.66836647296536,5.88823629451375
AGTTGA,5.93573653358808,5.28215668951589
AGTTGC,6.03723979991,5.37564026741207
AGTTGG,6.18895637375808,5.46089017710233
AGTTGT,6.52626487013855,5.70250716399258
AGTTTA,6.88055583991961,5.81858990274294
AGTTTC,6.74295902532963,5.88133052565383
AGTTTG,6.47502985149311,5.77223960255656
AGTTTT,6.739591678812,5.76633899905286
ATAAAA,6.81194301493564,5.94478670090816
ATAAAC,6.88246642121503,6.06281238291891
ATAAAG,6.74511454813538,5.87127680814138
ATAAAT,6.94059609686607,6.05496216896172
ATAACA,6.63616960234769,5.93847532289832
ATAACC,7.08013767800967,6.19480976270807
ATAACG,6.79587146497563,6.02948370523125
ATAACT,6.55963949071696,5.81490765228652
ATAAGA,6.73193959270199,6.02537083155044
ATAAGC,6.50289373208646,5.6865761118228
ATAAGG,6.82012064536221,6.0263489196455
ATAAGT,6.69363484584736,5.80528666127904
ATAATA,6.76383968377378,5.96904853449371
ATAATC,6.77166524553035,5.98329766752574
ATAATG,6.86541226432265,5.93116572092277
ATAATT,7.2323952168559,6.2922929161106
ATACAA,6.9055141792899,5.99910826364006
ATACAC,6.97293022719556,6.05601036215586
ATACAG,6.6152298489965,5.78321064195515
ATACAT,6.55926612711106,5.61406618721496
ATACCA,6.32271416285483,5.69560744183033
ATACCC,6.90268219656784,6.04297731624608
ATACCG,6.7836018170406,5.91903861396867
ATACCT,6.86031278324984,5.91798342223651
ATACGA,6.76623620504858,5.96771267056054
ATACGC,7.02260359893109,6.10382073906761
ATACGG,6.45645052083408,5.63184822307282
ATACGT,6.45332462640385,5.64757883221154
ATACTA,6.64224669014762,5.94793058476724
ATACTC,6.70134026685337,5.91068894611368
ATACTG,6.87930113051923,5.97929030194808
ATACTT,6.5999749461348,5.80241295117773
ATAGAA,7.12044279924134,6.19916254543414
ATAGAC,6.81844646138009,6.00674724871233
ATAGAG,6.88580037310735,6.09340260759633
ATAGAT,6.86535110345953,6.01647959933283
ATAGCA,6.60238234488252,5.83699097070556
ATAGCC,6.96288757691355,6.15715082621581
ATAGCG,6.81002058448046,5.99023820147674
ATAGCT,7.06877227425107,6.11308233182786
ATAGGA,6.72951802425854,5.75699049071838
ATAGGC,6.21818766210396,5.36770147575479
ATAGGG,6.83895395196632,6.11849842095088
ATAGGT,6.72929467179263,5.83673697669568
ATAGTA,6.66609446617484,5.94045647977417
ATAGTC,6.79845096451966,5.89742527509517
ATAGTG,6.86797985605564,5.98052000242487
ATAGTT,6.57627341780951,5.80376622526543
ATATAA,6.50044929680287,5.72527805404033
ATATAC,6.74151749451689,5.90162766183336
ATATAG,6.42228921689645,5.67072879269664
ATATAT,6.45111764739257,5.69946583520575
ATATCA,6.79810593179438,5.9182971026459
ATATCC,6.69277973198225,5.86869388232562
ATATCG,6.88074657043104,6.03164771521429
ATATCT,7.02012906781329,6.19142604797918
ATATGA,4.93124856389019,4.46221829368728
ATATGC,5.45893816605541,4.6043064259937
ATATGG,3.62794827182118,2.9984650364756
ATATGT,5.28496083337615,4.71330328102562
ATATTA,6.75110753777244,5.88182633279667
ATATTC,6.67931062884192,5.84426446838712
ATATTG,6.49883991082671,5.72569749120526
ATATTT,6.71590305790254,5.77729837047381
ATCAAA,6.67913056349011,5.83723177653883
ATCAAC,6.58015375964576,5.82489768827978
ATCAAG,6.6514871888384,5.9004017991213
ATCAAT,6.69304457432185,5.87211984991941
ATCACA,6.42899505521273,5.85359903504555
ATCACC,6.50197009163944,5.78176036800247
ATCACG,6.54058325813697,5.83220186601167
ATCACT,6.79348324005779,5.938732398975
ATCAGA,6.75564310884385,5.95569650157585
ATCAGC,6.50456705428343,5.8511737510106
ATCAGG,6.4190571591191,5.55641684770775
ATCAGT,6.82418989202208,6.04169785651545
ATCATA,6.77787993814344,6.05399138254678
ATCATC,6.3476750948976,5.73604682183751
ATCATG,7.08453041069667,6.2122700812723
ATCATT,6.5292303995879,5.61784930191803
ATCCAA,6.68099416606426,5.99053953110096
ATCCAC,6.54633240084446,5.73296605337486
ATCCAG,6.84363728277939,5.9136693616797
ATCCAT,6.19550177773355,5.48275588554645
ATCCCA,6.74716670372443,6.130993963155
ATCCCC,6.26146345381531,5.60479447856562
ATCCCG,6.78956544136088,5.90852136566474
ATCCCT,6.5558985177916,5.7198071367268
ATCCGA,6.78695229336395,5.92611526404868
ATCCGC,6.48831919663273,5.7649444410803
ATCCGG,6.03842560657103,5.33705396469474
ATCCGT,6.21733604078443,5.41643244150328
ATCCTA,6.9854330730839,6.07434804410949
ATCCTC,6.60564166558308,5.76208182224712
ATCCTG,6.56039141561283,5.89745785266217
ATCCTT,6.82352276177041,5.93065141888878
ATCGAA,6.61154289653583,5.91500114629483
ATCGAC,6.8504464318807,6.03741577179491
ATCGAG,6.35143045703856,5.70726245959072
ATCGAT,6.88429800511915,6.10539467527255
ATCGCA,7.08082457491307,6.26926719659773
ATCGCC,6.9549232481579,5.88247248846737
ATCGCG,6.47477165260778,5.76178809245206
ATCGCT,5.96553218982053,5.18160958519368
ATCGGA,6.53853529619594,5.7984135492906
ATCGGC,6.51761881041205,5.70676307234308
ATCGGG,6.31497472771521,5.40394346138586
ATCGGT,6.77323907979953,6.00289187243915
ATCGTA,6.70037971292756,5.95128017245919
ATCGTC,6.60265397968761,5.9176386713993
ATCGTG,6.77681284636155,5.92358186942293
ATCGTT,6.49024001080541,5.71981947636443
ATCTAA,6.41508109848782,5.70331237037509
ATCTAC,6.72246098093773,5.94505834618818
ATCTAG,6.334165861504,5.57087962953213
ATCTAT,6.64248527652734,5.80710251657697
ATCTCA,6.94857386445934,6.03699793666857
ATCTCC,6.7129136405353,5.9179863657349
ATCTCG,6.93812781671,5.99216351473
ATCTCT,6.96548520876611,5.93320786890111
ATCTGA,6.39329215152951,5.58059464980963
ATCTGC,5.90290586708174,5.18010409679283
ATCTGG,6.66075800431841,5.62521599592794
ATCTGT,6.86894253479133,5.90995764169017
ATCTTA,7.04690817053966,6.0891676883561
ATCTTC,6.3863625546419,5.740432245305
ATCTTG,6.88276838846157,5.83012636084314
ATCTTT,6.51106905095326,5.56776469629217
ATGAAA,6.98608263174062,6.12632802832
ATGAAC,6.50561654726337,5.7314080719103
ATGAAG,6.83281891359792,5.84114607315505
ATGAAT,7.0714492171964,6.11478687958955
ATGACA,6.76700854694202,5.91613488781828
ATGACC,6.69398124135726,5.87014627115516
ATGACG,6.72741198713803,5.7995938642141
ATGACT,6.7832333300932,5.93983824170986
ATGAGA,6.9730035493025,6.03211756095348
ATGAGC,6.6858135657268,5.730550544646
ATGAGG,7.21297871178982,6.30667871111083
ATGAGT,6.86750019235864,5.93997643026346
ATGATA,6.92487971851873,5.95991129614636
ATGATC,6.82195864970561,6.17474732446098
ATGATG,7.15886194801985,6.25429270749897
ATGATT,7.09115598221423,6.18806352319615
ATGCAA,6.47682561439713,5.73027337307548
ATGCAC,7.16023366141364,6.27930330867286
ATGCAG,6.10696594294217,4.24058910805087
ATGCAT,6.35611816831813,5.51704468547388
ATGCCA,6.33029878253373,5.53470319115098
ATGCCC,6.58014884797125,5.77138001456875
ATGCCG,6.49886285300826,5.2425886229813
ATGCCT,6.5205063002125,5.70748549387786
ATGCGA,6.62478443810033,5.84995565662189
ATGCGC,6.76625700160571,5.8685776621475
ATGCGG,6.72593893688613,5.53353726197667
ATGCGT,6.61649953412418,5.69238760057224
ATGCTA,7.20040739426383,6.07134912324192
ATGCTC,6.86622696458309,5.93064641843255
ATGCTG,7.19415960524634,6.03196780341707
ATGCTT,6.9581721234778,6.02322356050805
ATGGAA,6.93713153258147,6.12038000796199
ATGGAC,6.97029606385307,6.16678647164667
ATGGAG,6.57018120143957,5.84093518778793
ATGGAT,7.01377930208713,6.14312494753965
ATGGCA,6.72171887003717,5.82909338221707
ATGGCC,6.62524284471125,5.91291912926083
ATGGCG,6.62420320270638,5.71274602297141
ATGGCT,6.41602597392071,5.60165505311286
ATGGGA,6.36513139829305,5.72128877573119
ATGGGC,6.45324617117486,5.79706644767111
ATGGGG,6.5396109110146,5.81821970434554
ATGGGT,6.54237028546114,5.78938466109671
ATGGTA,7.01069235686857,6.12836366669595
ATGGTC,6.85526118589471,5.98333542660069
ATGGTG,6.61181757607338,5.81970821801408
ATGGTT,6.60590512459589,5.89837663576
ATGTAA,5.36461608389156,4.53898363633369
ATGTAC,6.87232338858053,5.88368181560671
ATGTAG,5.07432516532656,3.86805423140828
ATGTAT,6.76952824361,5.88405207982908
ATGTCA,6.8754154620548,6.0993994319642
ATGTCC,6.68693772017541,5.96032147542426
ATGTCG,6.57235264437533,5.8233551503795
ATGTCT,6.77177741479115,5.92492518123607
ATGTGA,5.16693554641261,4.33601283964859
ATGTGC,6.34784230390063,5.56461079789556
ATGTGG,6.61951381869763,5.86623209023983
ATGTGT,6.607937392213,5.836539265751
ATGTTA,6.8527905801855,5.94171238340933
ATGTTC,6.69766517760705,5.85174672321574
ATGTTG,6.69167637486735,5.78875174870796
ATGTTT,6.99912864057934,6.03335393109541
ATTAAA,6.97487533577776,6.08655878765118
ATTAAC,7.11417339179895,6.21905604016321
ATTAAG,6.60434591940844,5.79154652951042
ATTAAT,6.96506190481759,6.02125772770892
ATTACA,6.7310791744388,5.886043629633
ATTACC,6.38017554867137,5.73288705927412
ATTACG,6.45800942392148,5.67430438593981
ATTACT,6.71614470428951,5.78320602723316
ATTAGA,6.740599542818,5.95086249162257
ATTAGC,7.06304000915388,6.21827127560571
ATTAGG,6.66770981820022,5.76824111343348
ATTAGT,6.82332404338318,5.99787404282494
ATTATA,6.74060912814951,5.89437810605329
ATTATC,6.64751063168825,5.81528369959013
ATTATG,6.68187230183047,5.80051612484641
ATTATT,6.59124565867889,5.79939058746867
ATTCAA,6.58993350534327,5.73216564951871
ATTCAC,6.53874968968427,5.76853006454366
ATTCAG,6.3955315409568,5.68607618705244
ATTCAT,6.59655858158292,5.88205483197353
ATTCCA,6.71772440632117,5.99326488365455
ATTCCC,6.65017188924024,5.80321124598512
ATTCCG,6.55733185194921,5.66508738696974
ATTCCT,6.8675911532925,5.90234615549475
ATTCGA,6.64536733790308,5.87701621069603
ATTCGC,5.77916065146538,5.03135833459923
ATTCGG,6.5015340298743,5.59994681118444
ATTCGT,6.43576258153604,5.62541342896396
ATTCTA,6.75606378044783,6.0322897525484
ATTCTC,6.74993094412333,5.99717198789848
ATTCTG,6.74613842510291,5.88915753869582
ATTCTT,6.84760505343767,5.88486560798067
ATTGAA,6.86388860406876,6.02650235273965
ATTGAC,6.74179779876,5.9779688357836
ATTGAG,7.13928675061322,6.11896419930448
ATTGAT,6.75915181278243,5.89231739472
ATTGCA,6.77250508779855,5.97438174675229
ATTGCC,6.008809010546,5.3772220472264
ATTGCG,6.82453117037143,6.02738361219686
ATTGCT,6.70850786337556,5.84819727102711
ATTGGA,6.91838287468535,6.05256105002556
ATTGGC,6.14290834948387,5.41437719868758
ATTGGG,6.5630009722991,5.72160678854397
ATTGGT,6.6408959955325,5.75836849451131
ATTGTA,6.90167989660684,6.05448337925368
ATTGTC,6.31867095116465,5.65987811420837
ATTGTG,7.1313986843609,6.15514485749141
ATTGTT,6.94408321223656,6.11493771191062
ATTTAA,6.55258673985646,5.73440769768616
ATTTAC,6.59117632640747,5.8898945985576
ATTTAG,6.31626891990632,5.68066787828794
ATTTAT,6.73771061280306,5.76832642743577
ATTTCA,6.61074403058787,5.80832866287596
ATTTCC,7.091561726017,6.31396474577383
ATTTCG,6.60465575298294,5.78709730343902
ATTTCT,6.64318359134224,5.69769657169209
ATTTGA,6.52400054117887,5.59183914639804
ATTTGC,6.50657143408425,5.55328936238234
ATTTGG,6.50458509457667,5.53214592886587
ATTTGT,6.38267251975145,5.62660129006455
ATTTTA,6.36118817407175,5.54928679976873
ATTTTC,6.6862288438578,5.67740638336492
ATTTTG,6.58245272909463,5.61855620167704
ATTTTT,6.30932878732311,5.59102217565622
CAAAAA,6.63787253923827,5.86723805416974
CAAAAC,6.58850229733028,5.86624623183033
CAAAAG,6.65423534879269,5.81827397354542
CAAAAT,6.83389419339894,5.99056340451225
CAAACA,6.7408889318481,6.01796159139439
CAAACC,6.54306330490522,5.77052770948319
CAAACG,6.51788814003496,5.80718543456248
CAAACT,6.79765595422184,6.05751977106598
CAAAGA,6.68812932273711,5.86755948855918
CAAAGC,6.54124266544644,5.75636524339368
CAAAGG,6.44974564188643,5.78629828040573
CAAAGT,6.39998792204803,5.75972287781786
CAAATA,6.85700817728348,5.98426760849645
CAAATC,6.42751948178583,5.76611931337291
CAAATG,6.95088853514442,6.00637916520702
CAAATT,6.23660582824999,5.57228369002793
CAACAA,6.55562071701518,5.88388951236692
CAACAC,6.307791631196,5.56951687497829
CAACAG,6.40036462195444,5.51789902310145
CAACAT,6.27314683057848,5.60722134901272
CAACCA,6.81649961392,6.08962270020348
CAACCC,6.58992813479615,5.74911381368769
CAACCG,6.29072454518354,5.58979906138399
CAACCT,6.48209694421606,5.72299728005167
CAACGA,6.30197366304306,5.53659824856769
CAACGC,6.50637604142414,5.52184119276429
CAACGG,6.22870575096361,5.45129759128639
CAACGT,6.48414369830393,5.65980198810921
CAACTA,6.84401787684961,5.93716341485373
CAACTC,6.82808348244356,5.95078904975406
CAACTG,6.87085933520722,5.82637543564167
CAACTT,6.42137348052431,5.80981093817585
CAAGAA,6.69171906829124,5.85697593210467
CAAGAC,6.5632288340276,5.83822208342408
CAAGAG,6.56178698721786,5.68358877371664
CAAGAT,6.78199234195034,5.95567934948018
CAAGCA,6.464388978858,5.77665027624845
CAAGCC,6.70689407689212,5.90238455271576
CAAGCG,6.91365990393877,5.98311680671466
CAAGCT,6.64201299453345,5.83691374669885
CAAGGA,6.80916922334993,5.98394908801367
CAAGGC,6.57647531677407,5.71870903381383
CAAGGG,6.44251285740547,5.74707347244966
CAAGGT,6.49890573312214,5.65268993137378
CAAGTA,6.71067457042079,5.87754888379787
CAAGTC,6.9307484367427,6.17086788207348
CAAGTG,6.61632438331532,5.625222375005
CAAGTT,6.58465682144782,5.79225204968406
CAATAA,6.25348848678426,5.56251823385473
CAATAC,6.39470165993781,5.60337174419702
CAATAG,6.24874571740797,5.46005585422943
CAATAT,6.39277158866838,5.61439403164194
CAATCA,6.89691917209681,6.05432687806688
CAATCC,6.76577126741025,5.80190561737963
CAATCG,6.52940318870735,5.86793251828675
CAATCT,6.3982695615206,5.57494433643595
CAATGA,4.53592414748136,4.02009222190682
CAATGC,4.88179809714674,4.47903996999628
CAATGG,3.75203855703118,2.80029482809251
CAATGT,4.67854607340379,4.26632111650152
CAATTA,6.70159011208111,5.85383388483111
CAATTC,6.67857439207237,5.75268412256473
CAATTG,6.59716324224477,5.76347488481761
CAATTT,6.25759920996133,5.48122955409413
CACAAA,6.57077276396784,5.72487794754114
CACAAC,6.68623381292569,6.02672235650577
CACAAG,6.82984026323878,5.96302121426591
CACAAT,6.61827240494467,5.84708654702905
CACACA,6.42659295052041,5.77921473323602
CACACC,6.69738554049115,5.94230380682769
CACACG,6.31578404689432,5.58036933636605
CACACT,6.12564072713985,5.32401812097836
CACAGA,6.481662162292,5.71817913574861
CACAGC,6.56505546752561,5.82980771212684
CACAGG,6.5175065104628,5.6926568241254
CACAGT,6.73505082516931,6.09427578164138
CACATA,6.4024898105032,5.54298447333884
CACATC,6.48482686657115,5.72643393502377
CACATG,6.78247064549986,5.95828900927359
CACATT,6.48420560236066,5.78553752372776
CACCAA,6.7372192179998,5.93686795465586
CACCAC,7.05653049973147,6.01737936650941
CACCAG,6.57233762563613,5.79318309440862
CACCAT,6.6437451025404,5.78791623088743
CACCCA,6.72848265168969,5.94793491520328
CACCCC,6.39113408612472,5.35079753609911
CACCCG,5.96950946307452,5.22112847453755
CACCCT,6.51350759863097,5.66254264038
CACCGA,6.31781881028328,5.57727702976426
CACCGC,6.46863164595766,5.5085393993134
CACCGG,6.11078382491288,5.21523677962424
CACCGT,6.06484009730792,5.25960556389057
CACCTA,6.56412187407167,5.83066212764283
CACCTC,6.88575113004886,6.02578715665114
CACCTG,6.80072276445806,6.00757582435917
CACCTT,6.36206127511553,5.350691707875
CACGAA,6.39860482350132,5.82472776739096
CACGAC,6.29025303302847,5.60628881763736
CACGAG,6.80492011036968,6.04733839478915
CACGAT,6.68059486556614,5.82927400776482
CACGCA,6.38210657484883,5.65136451042455
CACGCC,6.38370596330389,5.56385272282444
CACGCG,6.56603087537633,5.79968618109918
CACGCT,6.6111272690793,5.96933160390116
CACGGA,6.63309989061821,5.83585665068915
CACGGC,6.22466591852735,5.33779663322015
CACGGG,6.63697219845847,5.93479154256528
CACGGT,6.80771444178841,5.93040316050171
CACGTA,6.54084326350763,5.76846728628839
CACGTC,6.70989988608464,5.89872239488482
CACGTG,6.47023688856931,5.66128573397207
CACGTT,6.61728545977786,5.78925878516881
CACTAA,6.24960331177519,5.57453970500906
CACTAC,6.41880894333925,5.55459129158062
CACTAG,6.31234162702612,5.52249274411522
CACTAT,6.622765183932,5.650329634644
CACTCA,6.53842654780289,5.87073121920277
CACTCC,6.35474053075985,5.661659468816
CACTCG,6.58603522279245,5.68447098002776
CACTCT,6.44184094036458,5.63421148812021
CACTGA,6.33012332588454,5.46202197060474
CACTGC,6.03621754286725,5.36246938490941
CACTGG,6.15448325304585,5.41525502240323
CACTGT,6.09521998665824,5.43328512820431
CACTTA,6.1525787127,5.5748581436155
CACTTC,6.53698667369938,5.82905724732938
CACTTG,5.915861175945,5.27017138325619
CACTTT,6.33071043290405,5.52000068447
CAGAAA,6.53281899945478,5.6597002371879
CAGAAC,6.72591264519097,5.91766508151044
CAGAAG,6.72920985573514,5.83421455664873
CAGAAT,6.92641486004643,6.11138874289079
CAGACA,6.87155462956,6.08846538369396
CAGACC,6.79644700106029,6.05579438963586
CAGACG,6.74470651747936,5.91746829839726
CAGACT,6.45443470011955,5.77414439838659
CAGAGA,6.5950152188055,5.79339576962651
CAGAGC,6.3723025444993,5.54242100411123
CAGAGG,6.73514161305634,6.02332714081554
CAGAGT,6.48293119812217,5.73786386111109
CAGATA,6.45715179390932,5.68230583502553
CAGATC,6.78535930784128,5.9721794642832
CAGATG,6.84779709730417,5.85889933300472
CAGATT,6.7805116261076,5.93616603976038
CAGCAA,6.64791637814828,5.80627441209961
CAGCAC,6.50128955578567,5.73225823987403
CAGCAG,6.67851601180568,5.11152359543083
CAGCAT,6.39413080742029,5.54162429829957
CAGCCA,6.40423328467554,5.58339719176214
CAGCCC,6.10535026395609,5.21228429404261
CAGCCG,6.65308527666738,5.56108035967167
CAGCCT,6.31697036421143,5.57929781408036
CAGCGA,6.5363949409535,5.58969441184225
CAGCGC,6.29317619411392,5.48340704537608
CAGCGG,6.17166061248014,5.25200128259522
CAGCGT,5.74506810530556,5.00313649260611
CAGCTA,6.8753553081938,5.7897357100531
CAGCTC,6.9208387975666,5.9141699788352
CAGCTG,6.2781889225797,5.45215473589023
CAGCTT,6.24191529388712,5.41461915429904
CAGGAA,6.62959775927963,5.87347090553338
CAGGAC,6.45015904489917,5.69232548764948
CAGGAG,6.50445331770648,5.78068925846846
CAGGAT,6.74315262072374,5.9157278681234
CAGGCA,6.50815376443844,5.71246527477235
CAGGCC,6.77164658341979,6.03502834143617
CAGGCG,6.14253749189923,5.39755128735417
CAGGCT,6.04498695990617,5.56596841125233
CAGGGA,6.30786079258395,5.59528323944746
CAGGGC,6.69147072953901,5.90155873753363
CAGGGG,6.24888727332155,5.68383371166887
CAGGGT,6.26646676930135,5.54253350960067
CAGGTA,6.75312512559159,5.77454549365258
CAGGTC,6.79693535020683,6.10083354033762
CAGGTG,6.70752105723625,5.85883253905764
CAGGTT,6.74106016899381,5.82392269715619
CAGTAA,6.29341299218091,5.47655887389661
CAGTAC,6.26941836662629,5.49582766578416
CAGTAG,6.03024761573128,5.28445254846457
CAGTAT,6.11208850370783,5.25007767076043
CAGTCA,6.63914043639857,5.87132762964337
CAGTCC,6.67896901227183,5.8310101920955
CAGTCG,6.3730859422493,5.42691166956456
CAGTCT,6.30472090617143,5.42063863816554
CAGTGA,6.1032518704859,5.4463921117712
CAGTGC,5.81041348063676,5.06744469091378
CAGTGG,5.99019427459038,5.19789567029721
CAGTGT,5.97966066229097,5.32108770340532
CAGTTA,6.28749688244594,5.50682097513246
CAGTTC,6.33396287039803,5.52472734107082
CAGTTG,6.3863827648387,5.50668875382852
CAGTTT,6.12053631475956,5.40254104518632
CATAAA,6.70659572427456,5.96042065439993
CATAAC,6.84517786322444,6.14093607502818
CATAAG,6.58290644531908,5.87844430492854
CATAAT,6.7522628935916,6.04066673724574
CATACA,6.7889247234481,6.09591606397733
CATACC,6.26975099207477,5.64592597449246
CATACG,6.49900888050297,5.48947423355608
CATACT,6.49465142727939,5.66057982338653
CATAGA,6.87523497356294,6.0527930940345
CATAGC,6.97312317212681,5.98392648090894
CATAGG,6.63677822205035,5.90336767005047
CATAGT,6.96002474149865,6.13745368515351
CATATA,6.7615910715058,6.06083202225034
CATATC,6.39320391941488,5.55248695321707
CATATG,6.64431291195165,5.88038079966721
CATATT,6.36302669577098,5.75221877034471
CATCAA,6.4617158679603,5.76143115488447
CATCAC,6.44744684293535,5.80818131303058
CATCAG,6.56381553439215,5.6446564593228
CATCAT,6.59046610295275,5.65774919125237
CATCCA,6.15006187025787,5.46069278554127
CATCCC,6.62311254877723,5.79940600350957
CATCCG,6.28015280548238,5.58908626572127
CATCCT,6.68981918612644,5.78636842411333
CATCGA,6.58273338149181,5.73995048328169
CATCGC,5.78998766064344,5.14728247307562
CATCGG,6.44867190653478,5.6280589710138
CATCGT,6.29991806148365,5.40647336529968
CATCTA,6.61184002992463,5.80536891696687
CATCTC,6.56544702124644,5.76537925627667
CATCTG,6.31676995148636,5.53853984144432
CATCTT,6.61831014545514,5.82536903011108
CATGAA,5.77155527163939,5.23545146889598
CATGAC,5.785874338082,5.26993057394743
CATGAG,5.72537796605699,5.26777874885
CATGAT,5.66705362276115,5.27381103132269
CATGCA,5.95799850992609,5.13330010247453
CATGCC,5.21106084900579,4.83044959844579
CATGCG,5.9932461068825,5.38877821151446
CATGCT,6.01181807767729,5.46919181680525
CATGGA,5.29843039695318,4.83569034866212
CATGGC,4.73083119756571,4.26660145666873
CATGGG,5.05045982925257,4.78664883214405
CATGGT,5.91262892949639,5.35473755577344
CATGTA,5.7793854627025,4.75705288422308
CATGTC,5.72175393163696,5.20881174931339
CATGTG,5.58864347579372,4.76713617536397
CATGTT,5.66335329508725,5.12775056080686
CATTAA,6.51886956383406,5.67133547240085
CATTAC,6.541050741185,5.7044812069375
CATTAG,6.01788181642885,5.32779145396046
CATTAT,6.39549067663683,5.534899267559
CATTCA,6.60014433868403,5.85436290354935
CATTCC,6.07052460562286,5.23250318752452
CATTCG,6.84120032024667,5.95675076121463
CATTCT,6.78476062704395,5.91193230387921
CATTGA,6.18116180843361,5.47490540916754
CATTGC,6.08891945478206,5.33879062193032
CATTGG,6.25537293698569,5.45151642569877
CATTGT,6.16900312912167,5.42956358769889
CATTTA,6.62490368251759,5.79642511198983
CATTTC,6.45527714383225,5.5640245418635
CATTTG,6.25622639518,5.53345304720822
CATTTT,6.16135386450113,5.29879611340415
CCAAAA,6.80809856291924,5.96404916426469
CCAAAC,6.51203628084426,5.6924011134853
CCAAAG,6.42308040362534,5.61676178926773
CCAAAT,6.70371011472516,5.75722757839726
CCAACA,6.57449521246972,5.77273470857551
CCAACC,6.84894389050721,6.01866854529557
CCAACG,6.4538574641668,5.72939073715787
CCAACT,6.54077019051804,5.84748252275661
CCAAGA,6.63797002438736,5.9327027752254
CCAAGC,6.51584202004767,5.6851224651125
CCAAGG,6.32789658456108,5.4018044346499
CCAAGT,6.46582874725206,5.68720306950952
CCAATA,6.7735360542513,6.08136683275913
CCAATC,6.70454076561092,6.04828374992292
CCAATG,6.41967766565121,5.50631394870652
CCAATT,6.78169944277879,5.98329940493682
CCACAA,6.32199124052482,5.58872665849482
CCACAC,6.51237074195785,5.61635926017738
CCACAG,6.68299091385015,5.94346814216881
CCACAT,6.18907067645278,5.57510157641204
CCACCA,6.62182664335767,5.8276028642337
CCACCC,7.01812084683927,6.14951758618366
CCACCG,6.10472659769997,5.31089134420513
CCACCT,6.63428364633719,5.93225395245375
CCACGA,6.109494578355,5.33849385356743
CCACGC,6.28892886650389,5.39161692661722
CCACGG,5.99975249967608,5.2047059215982
CCACGT,6.92149655561111,6.02184990083089
CCACTA,6.74437499102203,5.91507229202449
CCACTC,6.7181573706041,6.01297170286641
CCACTG,6.12523400729585,5.44298458968976
CCACTT,7.10778512196792,5.96767427380667
CCAGAA,6.39669825834067,5.62009814684225
CCAGAC,6.61815459147113,5.88594346687396
CCAGAG,6.70066861304415,5.84814174437877
CCAGAT,6.73773490490308,5.80747923645462
CCAGCA,6.52143131193528,5.63862354147396
CCAGCC,6.5243671920656,5.6858550210192
CCAGCG,6.49791053389244,5.60948929960489
CCAGCT,6.75851014922068,5.9594602079625
CCAGGA,6.4295859876131,5.44493164631676
CCAGGC,6.19168220112111,5.1713155901897
CCAGGG,6.31179123936228,5.43153495121246
CCAGGT,6.4433954524263,5.67031428143478
CCAGTA,6.50791632355951,5.65537968331803
CCAGTC,6.36822067065083,5.64285916739194
CCAGTG,6.416512593344,5.88674512737533
CCAGTT,6.63782119418095,5.80393796716095
CCATAA,6.43675741113787,5.59814627784107
CCATAC,6.42309510747648,5.68705460873389
CCATAG,6.17396782107721,5.26791079551
CCATAT,6.78932258433818,5.69339494614036
CCATCA,6.70601581721845,5.93042025692414
CCATCC,6.06413494671578,5.49225668565156
CCATCG,6.38589109194308,5.70712357607654
CCATCT,6.80355926068167,5.98813053983583
CCATGA,4.48676570738714,4.26220023971571
CCATGC,5.06682896991823,4.62631306999971
CCATGG,3.57472432982598,2.77208512537016
CCATGT,4.93079218597538,4.45553581207333
CCATTA,6.60676929221351,5.55896726534158
CCATTC,7.03618950958429,6.23074182252464
CCATTG,6.63118800300886,5.74908125864
CCATTT,6.4008986457328,5.5533309908932
CCCAAA,6.81605122715078,5.83667562176281
CCCAAC,6.25115694118023,5.50277418236682
CCCAAG,6.5447352153234,5.74163689603064
CCCAAT,6.48722339410917,5.66232578656333
CCCACA,6.43646983447619,5.43805599831883
CCCACC,6.26714760088973,5.56846332476324
CCCACG,6.2544572329631,5.43866389919034
CCCACT,6.44993221499889,5.42489605138111
CCCAGA,6.87285177268969,5.89788602232906
CCCAGC,6.50319148463294,5.79737840118529
CCCAGG,6.21010253929871,5.35002430746839
CCCAGT,6.60042801895156,5.87685832660688
CCCATA,6.40394791721044,5.46058718936889
CCCATC,6.21514015168743,5.45981507387743
CCCATG,5.91509075179853,5.22029043019882
CCCATT,6.85024455695773,5.85770172847091
CCCCAA,6.52185949471233,5.75261838175558
CCCCAC,6.363055940781,5.60504347805033
CCCCAG,5.621797808065,5.20253185352192
CCCCAT,5.97506196619231,5.23676513075538
CCCCCA,6.31815143272655,5.51750207984207
CCCCCC,5.98500878503389,5.92761159018889
CCCCCG,6.24719379522512,5.39987306418146
CCCCCT,6.41512805444235,5.68450050160412
CCCCGA,5.91911456909151,5.08753738942639
CCCCGC,6.04465454930852,5.45524012962259
CCCCGG,5.88574347891824,5.147339530475
CCCCGT,5.81626980612818,5.32458346852045
CCCCTA,6.5681774612,5.7172986233719
CCCCTC,6.48720156114842,5.79322520981474
CCCCTG,6.10761481391043,5.43020816229087
CCCCTT,6.22941293461182,5.28057958356909
CCCGAA,6.20723902163732,5.34538566150107
CCCGAC,6.3509159917948,5.5402108746788
CCCGAG,6.38061298697756,5.60544207610366
CCCGAT,6.25463919005516,5.36517639761323
CCCGCA,6.52675417878292,5.6248543714875
CCCGCC,5.93460380373846,5.17861603983462
CCCGCG,5.88116680577333,5.32967089764926
CCCGCT,6.20406955634,5.37986983884957
CCCGGA,6.43308346945359,5.60451947015328
CCCGGC,6.16732978154448,5.31533960969345
CCCGGG,6.03305000265622,5.40672607360865
CCCGGT,6.26823441941455,5.4453455115297
CCCGTA,7.02362364180171,6.00034865296902
CCCGTC,6.39003608823133,5.68617690376033
CCCGTG,5.70407488372667,5.38600055498708
CCCGTT,5.76421506915704,5.29990878673111
CCCTAA,5.99331357146676,5.10895013047486
CCCTAC,5.94418303911192,4.95729236676461
CCCTAG,5.9105439485825,5.34575953775
CCCTAT,6.272220112735,5.39117226709
CCCTCA,6.47623610406579,5.61809238590079
CCCTCC,6.29479045685387,5.6386304867529
CCCTCG,5.87737454163909,5.13669264884909
CCCTCT,6.15006663328762,5.4489248258281
CCCTGA,5.727193632174,5.06798580756686
CCCTGC,5.57790450242,5.1220230402313
CCCTGG,6.06203517205895,5.35869252046868
CCCTGT,5.96785065339591,5.53871702106227
CCCTTA,7.03496482239632,5.86897450292526
CCCTTC,6.35205976726885,5.64460631879538
CCCTTG,6.82151424023655,5.82736757056
CCCTTT,6.528775543795,5.64085053542409
CCGAAA,6.61595920622696,5.65784159487627
CCGAAC,6.3370244539939,5.49873495209805
CCGAAG,6.57762113670368,5.70637217068667
CCGAAT,6.55144922149618,5.76131897688471
CCGACA,6.71130112979607,5.85390555986881
CCGACC,6.45108015357439,5.71045965687902
CCGACG,6.68376873326036,5.99359127541607
CCGACT,6.71293835211918,5.82843941144857
CCGAGA,6.60962942919079,5.81824993883408
CCGAGC,6.2706348875275,5.50595449961925
CCGAGG,6.11270642500031,5.48840537072631
CCGAGT,6.61287366178194,5.84197949080371
CCGATA,6.21758766994653,5.49782107066958
CCGATC,6.63551250285071,5.79717792700214
CCGATG,6.49377746645203,5.56459837397542
CCGATT,6.34226083144385,5.65420965085308
CCGCAA,6.81501639429388,6.01480504274694
CCGCAC,6.46763326511821,5.69658130848851
CCGCAG,5.8331586293866,4.53505652680553
CCGCAT,6.14702562878386,5.45649096689549
CCGCCA,6.29445354035513,5.48882673751757
CCGCCC,5.73059107143667,4.88877610144389
CCGCCG,5.6279508404669,4.93544553297828
CCGCCT,6.69039156916917,5.59121943806167
CCGCGA,6.35366576638493,5.5531243273508
CCGCGC,5.86652899278714,5.20667550886755
CCGCGG,5.73646576821732,4.79875919375155
CCGCGT,5.85545072904644,5.16402795491793
CCGCTA,6.43372972758046,5.58909729212545
CCGCTC,6.22674794914857,5.62164585915686
CCGCTG,6.10137866828641,5.24747127323744
CCGCTT,6.37516198343,5.44645380277455
CCGGAA,6.45811916693273,5.67281035366414
CCGGAC,6.18576185503028,5.47108922721125
CCGGAG,6.47108211447141,5.70160869488639
CCGGAT,6.7676017696059,5.87155777612193
CCGGCA,6.26306223554137,5.61648475880206
CCGGCC,6.73419074151528,5.95279339364417
CCGGCG,6.26972391241983,5.51845568211
CCGGCT,6.10092328201352,5.37459539546347
CCGGGA,6.21346423060688,5.39789738608198
CCGGGC,5.7646133121257,4.75363704936747
CCGGGG,6.18759525619562,5.44724349095966
CCGGGT,6.49563732525767,5.78997762072315
CCGGTA,6.54270758405319,5.53120485021181
CCGGTC,6.4607446757146,5.75572945211317
CCGGTG,6.20333075783333,5.15659561043524
CCGGTT,6.04568819242403,5.39293098857522
CCGTAA,6.17191743201647,5.54862981523382
CCGTAC,6.30118007316354,5.54633945106604
CCGTAG,5.88607361510104,5.1447025213994
CCGTAT,6.36041191934962,5.2205409246783
CCGTCA,6.34866850622929,5.70063858877446
CCGTCC,6.40117336252828,5.71332431983414
CCGTCG,6.50004940408091,5.43046690732018
CCGTCT,5.682147562515,4.95809948526302
CCGTGA,5.98416630254855,5.23218361363986
CCGTGC,5.7857463419383,5.10441539762979
CCGTGG,6.09218054310071,5.1604074510075
CCGTGT,6.08902230983432,5.15480613749318
CCGTTA,6.58717127704767,5.78925373219372
CCGTTC,6.47006217130472,5.69283898216679
CCGTTG,6.37448051195275,5.5671619016375
CCGTTT,6.08779642864949,5.40587737535564
CCTAAA,6.09126666013333,5.3798065154973
CCTAAC,6.79834170152167,6.00099363119292
CCTAAG,6.53022849529621,5.81390448266909
CCTAAT,6.91361895793711,5.960965230414
CCTACA,6.38190158645803,5.55481994161671
CCTACC,6.88129115754206,6.03905824648912
CCTACG,6.54248076040282,5.75849424420103
CCTACT,6.54216943611273,5.75752768329909
CCTAGA,6.6362275300619,5.98440135597569
CCTAGC,6.91069718914808,6.17132071208539
CCTAGG,6.6378745162968,5.8143772094788
CCTAGT,6.6033780204707,5.88689464103
CCTATA,7.13248477014825,6.12477328459649
CCTATC,6.99601238645977,6.17468530114477
CCTATG,6.87487063495867,5.70114310920156
CCTATT,6.32028055222576,5.62974836711151
CCTCAA,6.24884369681688,5.43512757521125
CCTCAC,6.21631991560781,5.54247232122373
CCTCAG,6.99151763000593,5.92139395219881
CCTCAT,6.66830695086186,5.69210697741047
CCTCCA,6.617377282325,5.794004261295
CCTCCC,6.3055704844536,5.590731105424
CCTCCG,6.14095355192634,5.34781738017805
CCTCCT,6.17614967392419,5.40184815144194
CCTCGA,6.20481783860667,5.43130545829472
CCTCGC,6.92106224798227,6.15397048652318
CCTCGG,6.16765796644745,5.29500090533851
CCTCGT,6.89340722699639,5.62836062998139
CCTCTA,6.56918177230576,5.75113829704424
CCTCTC,6.50210538730148,5.50075952055815
CCTCTG,6.78631411101733,5.77428375180333
CCTCTT,6.57480546068619,5.56376863320619
CCTGAA,6.28376209421612,5.45526353869388
CCTGAC,6.63389488435292,5.804318946045
CCTGAG,6.03748573160061,5.40519596577653
CCTGAT,7.1251170791771,6.26481096681658
CCTGCA,6.73774348855082,6.0489516476749
CCTGCC,6.14081319712133,5.48622892871933
CCTGCG,6.18342787128615,5.44652322554308
CCTGCT,6.63103251638206,5.81041100934
CCTGGA,6.43170564747965,5.55010536444825
CCTGGC,6.64330960781447,5.89031402439872
CCTGGG,6.18176470892774,5.51918811324132
CCTGGT,6.20480496866292,5.39781279393021
CCTGTA,6.15644381208256,5.3967613884041
CCTGTC,6.40770867860583,5.74264481245667
CCTGTG,6.54869924246719,5.52222344663344
CCTGTT,6.51928325901448,5.61536842149724
CCTTAA,6.25443645016906,5.48346455769547
CCTTAC,6.1944249420763,5.4700012458
CCTTAG,5.83026580758292,4.80464061246042
CCTTAT,6.3175562177495,5.41582673239375
CCTTCA,6.75310060495784,5.63408900951649
CCTTCC,6.27186208391917,5.50257893408083
CCTTCG,6.43005746283385,5.62755374963885
CCTTCT,6.17616913542546,5.54777699503846
CCTTGA,6.06219571624826,5.37166099456304
CCTTGC,6.0654298028325,5.41760238325028
CCTTGG,6.02768383773896,5.52630628280125
CCTTGT,5.88352108964485,4.73958490133121
CCTTTA,6.35480915906703,5.57369027523351
CCTTTC,6.46115420301633,5.800763681597
CCTTTG,6.05561015634241,5.54320946400448
CCTTTT,6.67701601190118,5.64594258912529
CGAAAA,6.76622941711747,5.92236664240672
CGAAAC,6.60381295363964,5.84064540782302
CGAAAG,6.45542451119001,5.76145502034933
CGAAAT,6.64736418254742,5.94924909228852
CGAACA,6.71601144271174,5.88289997968674
CGAACC,6.86530497495914,6.01313658627185
CGAACG,6.42746367258911,5.54456739968419
CGAACT,6.72016343081516,6.02685162810344
CGAAGA,6.67369009662374,5.83556798168321
CGAAGC,6.17894129563508,5.55249429223033
CGAAGG,6.61288706736839,5.81918471656447
CGAAGT,6.36941231965434,5.66979771118885
CGAATA,6.71584079290467,5.85282922602252
CGAATC,6.56374089056457,5.77807484958303
CGAATG,6.54654650650841,5.8969635002483
CGAATT,6.4924775677811,5.7325658110255
CGACAA,6.68848860987085,5.76736506155992
CGACAC,6.49343657726323,5.71104308692043
CGACAG,6.31613585390803,5.43714350327566
CGACAT,6.61856448660024,5.86779618841373
CGACCA,6.07555225156244,5.45349889427781
CGACCC,6.4073468066975,5.710509702248
CGACCG,5.9901219348544,5.17842726050698
CGACCT,6.83607689909038,5.82087587615923
CGACGA,6.66464200020013,5.77148955381039
CGACGC,6.24328067826604,5.35469274244358
CGACGG,6.32367941969374,5.56321942460253
CGACGT,6.24099516397375,5.37013313978696
CGACTA,6.5143804884587,5.62208607362157
CGACTC,6.69350155453234,5.79765141176
CGACTG,6.1191597247554,5.2715816895468
CGACTT,6.26258085257047,5.59421286187977
CGAGAA,6.59918896140559,5.92529092542419
CGAGAC,6.68237418456165,6.08846107873215
CGAGAG,6.26358275180462,5.64209386325827
CGAGAT,6.42444504654193,5.75600692218687
CGAGCA,6.68872328183765,5.89042598230153
CGAGCC,6.4291178141025,5.78622131299625
CGAGCG,6.369583695974,5.62606323640625
CGAGCT,6.41985795645771,5.645987830834
CGAGGA,6.77345848902765,6.00842986057245
CGAGGC,6.4237771839687,5.75255176675971
CGAGGG,6.43586180900619,5.72635238956869
CGAGGT,6.73385096568618,6.07934811672066
CGAGTA,6.84919963713426,6.04531073669545
CGAGTC,6.80211089978925,6.03974848827151
CGAGTG,6.51902250005661,5.71005877702048
CGAGTT,6.782797500522,6.0160641573845
CGATAA,6.10244817427647,5.54177957637955
CGATAC,6.52548799019979,5.66035060739904
CGATAG,6.11096964121321,5.49404525432357
CGATAT,6.51265996947541,5.61733295599047
CGATCA,6.60022652635394,5.89738131718511
CGATCC,6.72418050385369,5.70893322590462
CGATCG,6.69934126822822,5.71839836129685
CGATCT,6.63056769911084,5.84206963301845
CGATGA,4.16491627596971,3.9294531752657
CGATGC,4.59036842956383,4.06589709798128
CGATGG,3.71578564491206,2.84574980667649
CGATGT,4.51556171108333,4.19817387489561
CGATTA,6.66412593091689,5.91708180613489
CGATTC,6.70804388798685,5.76102639340419
CGATTG,6.49846599121023,5.80805206749068
CGATTT,5.96507824873554,5.35364634591161
CGCAAA,6.54691566860628,5.7996504694816
CGCAAC,6.72617359616245,5.95559367818403
CGCAAG,6.35818526421189,5.57028559114541
CGCAAT,6.76115155586365,5.98730395843278
CGCACA,6.3061458509484,5.52294474683307
CGCACC,6.60160102551795,5.8128022656359
CGCACG,6.68799213860826,5.79162197386891
CGCACT,6.07084976671607,5.26098628793036
CGCAGA,6.82324415501091,5.92449647978299
CGCAGC,6.58281931189628,5.87878726286628
CGCAGG,6.2798445329386,5.61003262361779
CGCAGT,6.35337581388796,5.54130228738225
CGCATA,7.15699221605802,6.20670607499605
CGCATC,6.60998443837159,5.77564642728238
CGCATG,6.51238860729089,5.774739019106
CGCATT,6.91342130074979,5.99184458053319
CGCCAA,6.21451529383419,5.56145813457806
CGCCAC,6.18707899339441,5.44944538403794
CGCCAG,6.30471794079143,5.43628616412786
CGCCAT,6.79285967037,5.83733559496
CGCCCA,5.34463737038636,4.92893017812091
CGCCCC,6.139646001845,5.92814369959333
CGCCCG,5.674112886233,5.05024775986
CGCCCT,5.8076706534,4.95585786878
CGCCGA,5.57134506641147,4.90516039260912
CGCCGC,6.19070018969217,5.30244133032304
CGCCGG,5.98534568857524,4.73414923916333
CGCCGT,6.0654211646235,5.306610391589
CGCCTA,6.695092587335,5.77705681214409
CGCCTC,6.854613390833,5.725586060626
CGCCTG,6.03465753349692,5.38706811854077
CGCCTT,6.127726326278,5.5400639098
CGCGAA,6.47642709036204,5.7375402416368
CGCGAC,6.66967234280116,5.86252103230087
CGCGAG,6.95869777991179,6.14550199826194
CGCGAT,6.56665499482476,5.6905677600531
CGCGCA,6.70360543221446,5.71903867357135
CGCGCC,6.38024787658364,5.65540701952
CGCGCG,6.19660607800174,5.29860964526891
CGCGCT,6.35833849285179,5.56270295865107
CGCGGA,6.69599429679425,5.84021122012398
CGCGGC,6.51969713254842,5.72825999903035
CGCGGG,6.70175036157948,5.90312495582091
CGCGGT,6.64705862015183,5.91665812159573
CGCGTA,6.73351888583635,5.88144121747279
CGCGTC,6.55666524205969,5.75039861554985
CGCGTG,6.52393287648936,5.61876048193222
CGCGTT,6.4381365458187,5.82558138960574
CGCTAA,6.30603424282518,5.53445501092892
CGCTAC,6.56615316992105,5.68252261885134
CGCTAG,6.00535145560848,5.30300710821652
CGCTAT,6.34576092516463,5.5937033451337
CGCTCA,6.29832553015518,5.56192718569265
CGCTCC,6.66197126854158,5.76309798833263
CGCTCG,5.57155863456976,4.84520877142024
CGCTCT,6.4485676736964,5.6795270899048
CGCTGA,6.25226410828368,5.4617422356879
CGCTGC,6.26211374552262,5.40552663804976
CGCTGG,6.29789840383462,5.36778001365942
CGCTGT,6.23933384227143,5.28132551723531
CGCTTA,6.87650054436804,5.8359832381349
CGCTTC,6.11719512401974,5.54217377600921
CGCTTG,6.52455808159054,5.62624863036243
CGCTTT,6.63036786402312,5.4628707895925
CGGAAA,6.61912646734368,5.72912489429632
CGGAAC,6.40861507795471,5.7629791252158
CGGAAG,6.65198326414415,5.79182285905767
CGGAAT,6.89321188994384,5.92097374462181
CGGACA,6.51360733836077,5.80781886387459
CGGACC,6.17167253287838,5.52387810855294
CGGACG,6.83591495618444,5.9386883767079
CGGACT,6.49681142375026,5.7428955529458
CGGAGA,6.35036092809433,5.60062960603925
CGGAGC,6.62383184550982,5.74607176283509
CGGAGG,6.40301560175096,6.04950656330542
CGGAGT,6.41008725032917,5.69792667507893
CGGATA,6.42661634111482,5.65926598340795
CGGATC,6.80987255926736,6.01679793291627
CGGATG,6.87635812458056,6.05945150009875
CGGATT,6.84275845832106,6.04413904242682
CGGCAA,6.15546944214105,5.47250811337641
CGGCAC,6.46288174964376,5.71361033266721
CGGCAG,6.29498791111293,4.98547070478073
CGGCAT,6.42076712622025,5.48659012121911
CGGCCA,6.22035799855345,5.41949549419276
CGGCCC,6.19357601728955,5.50052190057364
CGGCCG,6.41304901898644,5.25879628377956
CGGCCT,6.58510265427593,5.77107869530556
CGGCGA,6.61548497264895,5.83219790024263
CGGCGC,5.73112990442235,4.90574679670704
CGGCGG,6.29460462154425,5.27968482634537
CGGCGT,6.12498136247135,5.33824263982077
CGGCTA,6.50741211302598,5.63831934889529
CGGCTC,6.30752135613375,5.716287747995
CGGCTG,6.44614996279214,5.3300038306975
CGGCTT,6.35418340523161,5.68013520488268
CGGGAA,6.53245091232518,5.72723274799313
CGGGAC,6.453071166808,5.62407975188636
CGGGAG,6.5259770209163,5.8098716843014
CGGGAT,6.5081397863525,5.71573673737031
CGGGCA,6.39475167875672,5.66629406640896
CGGGCC,6.57397259469321,5.79028147513547
CGGGCG,5.9199131276,5.23283249110986
CGGGCT,6.44119093967612,5.83116212724735
CGGGGA,6.37561813920075,5.5982878753618
CGGGGC,6.11895289023053,5.47022525420329
CGGGGG,6.28383384540292,5.43494889501607
CGGGGT,6.23564874254409,5.39704561411044
CGGGTA,6.4196079123013,5.56885468713661
CGGGTC,6.5226738161282,5.92933037228657
CGGGTG,6.29886474244689,5.36480738247299
CGGGTT,6.62090918702537,5.73384147073278
CGGTAA,6.15099426442316,5.38232392125265
CGGTAC,6.53041827536857,5.68566885123165
CGGTAG,5.6355412005458,4.89898126393795
CGGTAT,6.03932502673097,5.15575965469222
CGGTCA,6.48113580533963,5.80870503555593
CGGTCC,6.40422914882345,5.72480095674724
CGGTCG,6.70315871258172,5.72767888944625
CGGTCT,6.31673247993279,5.58265436179574
CGGTGA,5.95738473022845,5.26421574627217
CGGTGC,5.95261138262596,4.91701221672842
CGGTGG,5.76334531572573,4.90454343246635
CGGTGT,5.98723850180264,5.20209162881547
CGGTTA,6.29956109447966,5.40257978152977
CGGTTC,6.38764603209208,5.61140569752111
CGGTTG,6.2650982583208,5.1883768175772
CGGTTT,5.86894060066826,5.09843011407841
CGTAAA,6.69254044281437,5.92577106657237
CGTAAC,6.88019920687168,6.20217352770432
CGTAAG,6.62532459461074,5.82957859656447
CGTAAT,7.10304158474755,6.14420445170294
CGTACA,6.65014006456243,5.88145265933864
CGTACC,6.5783654167887,5.86375988711217
CGTACG,6.34535560796098,5.49478068226033
CGTACT,6.73543726157492,5.94921283793251
CGTAGA,7.02622500276755,6.1403253221833
CGTAGC,6.83013329041796,5.89929322560898
CGTAGG,6.33105310469085,5.68955418617085
CGTAGT,6.78951299953286,6.05312729988377
CGTATA,6.60678566691716,5.78515645634958
CGTATC,6.27879295733638,5.52815834440768
CGTATG,6.629218163673,5.65255254902271
CGTATT,6.77800261234727,6.04419112980705
CGTCAA,6.41442025316222,5.68921332332435
CGTCAC,6.46319389000139,5.78073542155222
CGTCAG,6.13352163128347,5.36753595820833
CGTCAT,6.28611075271701,5.6255597225306
CGTCCA,6.61846097269019,5.5902450529475
CGTCCC,6.65804708268417,6.02929079129611
CGTCCG,6.4919869632126,5.489448749511
CGTCCT,6.67094301423565,5.66881530561391
CGTCGA,6.1534988730429,5.34495010592435
CGTCGC,6.4877552640471,5.44148040878032
CGTCGG,6.44422882501911,5.39969942151778
CGTCGT,6.01882466796972,4.98064250030639
CGTCTA,6.34153380633319,5.37203960458933
CGTCTC,6.80157504559644,5.97975477339644
CGTCTG,6.81322287322588,5.87431911852559
CGTCTT,6.55046039453368,5.63124418645816
CGTGAA,6.59550093521825,5.73004057354587
CGTGAC,6.76797160026908,5.89487237348803
CGTGAG,6.9098854868406,6.047494579358
CGTGAT,6.77317876634678,6.00013944608729
CGTGCA,6.70195662610831,5.77364905032948
CGTGCC,6.48003637571414,5.45158996419414
CGTGCG,6.02838750241385,5.04226593979219
CGTGCT,6.22661710428191,5.38584604317277
CGTGGA,6.55524944293951,5.7301685376937
CGTGGC,6.66909150745945,5.87971303516818
CGTGGG,6.60281933654582,5.85220655617253
CGTGGT,6.54985491117759,5.86780627440148
CGTGTA,6.70175925346634,5.87474002730197
CGTGTC,7.09098555844569,6.18689952935046
CGTGTG,6.9650446023576,6.165186340514
CGTGTT,6.81247566625659,5.91673325984634
CGTTAA,6.0089943048833,5.3349492452815
CGTTAC,6.23683611259259,5.5252277100287
CGTTAG,6.15059029184196,5.43670713415232
CGTTAT,6.45368592491885,5.43228680946607
CGTTCA,6.72084288230036,5.90838134202723
CGTTCC,6.3402630577336,5.611196677964
CGTTCG,6.6977483283063,5.75814749105519
CGTTCT,6.76595324218581,5.62398874808935
CGTTGA,6.10333047838558,5.45941845095909
CGTTGC,6.32474109815068,5.50920366544341
CGTTGG,6.36723910874524,5.33279271831
CGTTGT,6.11183211554979,5.25957838528729
CGTTTA,6.44709126161147,5.54909311172507
CGTTTC,6.33744019465587,5.68419442691739
CGTTTG,6.31434882063667,5.47410925648462
CGTTTT,6.23257962470489,5.47587236750064
CTAAAA,6.95845734666809,6.00657549310151
CTAAAC,6.72645769683653,5.9364565021598
CTAAAG,6.77869684671962,5.9048067868951
CTAAAT,6.50921474870847,5.78468505609271
CTAACA,7.09154172788705,6.07835821192197
CTAACC,6.66368098476182,5.96834961897844
CTAACG,6.40422366969563,5.56696552866125
CTAACT,6.81576872106882,6.06228138775784
CTAAGA,6.6612424411535,5.83998679458658
CTAAGC,6.53996962968,5.76016463819373
CTAAGG,6.52219902102126,5.68322991360356
CTAAGT,6.8076591453585,5.98769668340188
CTAATA,6.89350231412351,6.04153541742258
CTAATC,6.88466811560042,6.14233122728127
CTAATG,6.95872732295094,5.94395557261781
CTAATT,6.49615883908824,5.73351356424897
CTACAA,6.28446061684912,5.55389092905284
CTACAC,6.78794556658435,5.99229916364847
CTACAG,6.67294619402712,5.72209732703327
CTACAT,6.16154428343261,5.38939241663159
CTACCA,6.82686940798559,5.98011174942941
CTACCC,6.86088192070769,6.08229766604128
CTACCG,6.81340407028365,5.80113013913222
CTACCT,6.63386445678,5.63411592238545
CTACGA,6.560115177985,5.86803389111385
CTACGC,5.99487904339515,5.38057822797697
CTACGG,6.43620514884566,5.58033867653084
CTACGT,6.4094622290049,5.48266937925137
CTACTA,6.79901706738576,5.94157994540961
CTACTC,6.63508121628857,5.90553252937939
CTACTG,6.55145644614729,5.74369397995186
CTACTT,6.7766757471175,5.96904831037972
CTAGAA,6.90234926035436,6.00130326879406
CTAGAC,6.41661124563317,5.60136630898717
CTAGAG,6.6317892342591,5.81161646001328
CTAGAT,6.58706633658531,5.69199306416453
CTAGCA,6.36549509584389,5.49832426313597
CTAGCC,6.70001494647531,6.33076654724219
CTAGCG,7.06509846529243,6.19091813650378
CTAGCT,6.88673951805367,5.92264130156133
CTAGGA,6.42322610649541,5.36115638205681
CTAGGC,6.62250881591533,5.66715351144217
CTAGGG,6.6982819185461,5.97662442402117
CTAGGT,6.68185300104873,5.80749596728437
CTAGTA,6.6248196341325,5.58790999633281
CTAGTC,6.88760842777629,5.92834389389814
CTAGTG,6.96116241764242,6.14921368931879
CTAGTT,6.38806831930362,5.67625224843638
CTATAA,6.21100963664854,5.54424730024292
CTATAC,6.59136805893313,5.7887460548
CTATAG,6.39471438204651,5.52058204891409
CTATAT,6.63007781261086,5.60596259511243
CTATCA,6.930093413975,6.12647028822046
CTATCC,6.53856483388569,5.76772411278588
CTATCG,6.33990402007607,5.57175791609036
CTATCT,6.53101311815283,5.78702814509826
CTATGA,4.99371376120896,4.68054877494013
CTATGC,5.36613386511936,4.82113362245894
CTATGG,3.90863268181603,3.19635383752224
CTATGT,4.93151507229655,4.52781902333345
CTATTA,6.59898988956506,5.70296764731266
CTATTC,7.07085021592452,5.91759086841613
CTATTG,6.47674868138659,5.51055003658789
CTATTT,6.57481401277053,5.66721004799632
CTCAAA,6.50321872806234,5.68351365819419
CTCAAC,6.79481525053482,5.93619252352414
CTCAAG,6.66130135214387,5.85876947512267
CTCAAT,7.09450443079,6.18956124927568
CTCACA,6.69587314177488,5.94415129021451
CTCACC,6.44655650759289,5.91229181216979
CTCACG,6.7869780177671,5.95920638791667
CTCACT,6.52223000305959,5.72518109135755
CTCAGA,6.4518779794351,5.74735882824923
CTCAGC,6.19659980062479,5.53817558633354
CTCAGG,6.49443653907857,5.84372269106929
CTCAGT,6.63595819810541,5.74164900944066
CTCATA,6.58720684540562,5.81997142405172
CTCATC,6.66336907845221,5.96665082995206
CTCATG,6.98716699058667,6.02918842420667
CTCATT,6.63741072178395,5.80579414421512
CTCCAA,6.44181261711689,5.6990138952827
CTCCAC,6.22680055072354,5.49420367692917
CTCCAG,6.41602079799911,5.39305445456161
CTCCAT,6.69069917171283,5.89412387102679
CTCCCA,6.8210302955273,6.00966336351032
CTCCCC,6.43005639677909,5.66973039099773
CTCCCG,6.57947445608,5.62182720973489
CTCCCT,6.34868089354261,5.6096135945013
CTCCGA,6.65743761158804,5.75219869525588
CTCCGC,6.46577221870061,5.82169236397818
CTCCGG,6.11956447906052,5.25016303550241
CTCCGT,6.6138776498061,5.6854197946861
CTCCTA,6.88370380976371,5.95105667870229
CTCCTC,6.75569048494774,5.83476285042968
CTCCTG,6.38729508873256,5.51506005111077
CTCCTT,6.43392629819297,5.55452846254
CTCGAA,6.71496279669917,5.86264914414524
CTCGAC,6.53749864985372,5.85951431907907
CTCGAG,6.67206661491922,5.92573730896353
CTCGAT,6.70612515766854,5.88233772578021
CTCGCA,6.59916059446018,5.81927219289407
CTCGCC,6.89396977797273,5.93557247117636
CTCGCG,6.41310579501852,5.47217060668852
CTCGCT,6.21100564556185,5.48769210070926
CTCGGA,6.4154732329787,5.55942930377053
CTCGGC,5.92885527299909,5.09241938762289
CTCGGG,6.38214041500758,5.5755314008903
CTCGGT,6.37127366922945,5.55173214286109
CTCGTA,6.52761562875115,5.83558868934492
CTCGTC,6.29415448225978,5.44319186486156
CTCGTG,6.43466671312825,5.7680191305065
CTCGTT,6.81485199465158,5.86242957557263
CTCTAA,6.47513477644824,5.88024984807068
CTCTAC,6.53714108600295,5.82562987299523
CTCTAG,6.41041098466595,5.50178933748459
CTCTAT,6.59544821638556,5.74070334086148
CTCTCA,6.72937029346386,5.9003009157386
CTCTCC,6.47835837751556,5.76015621442583
CTCTCG,6.83196869709432,5.9629620014327
CTCTCT,7.05940823524778,6.06529152282926
CTCTGA,5.96754204745787,5.24878653696511
CTCTGC,6.64727564704903,5.7690428662829
CTCTGG,6.32687876717327,5.34524882167964
CTCTGT,5.79167856670829,5.09614147118629
CTCTTA,6.17711627489176,5.49767805804853
CTCTTC,6.1788575808782,5.30674663194897
CTCTTG,6.73456347231607,5.62340774420107
CTCTTT,6.48281466036667,5.34955290143433
CTGAAA,6.77411300919091,5.79721174696327
CTGAAC,6.75756518642386,5.87341765477068
CTGAAG,6.69583595963632,5.87814770655855
CTGAAT,7.08072993195937,6.22388241741175
CTGACA,6.47513502251044,5.73063202965206
CTGACC,6.86297857181927,5.96715264291127
CTGACG,6.20177112495708,5.37937947814583
CTGACT,7.2228769426722,6.36452389087537
CTGAGA,6.94389955009482,5.94411460817654
CTGAGC,6.50614719067433,5.97633761819467
CTGAGG,6.63991773223449,5.97073001124391
CTGAGT,6.74881915057754,5.85495223514984
CTGATA,6.69992860943015,5.89098657805818
CTGATC,6.71769057485636,5.90286471185864
CTGATG,7.24070194811617,6.13552925264915
CTGATT,6.70263051791719,5.90362265124281
CTGCAA,6.81249861564292,6.00793532695199
CTGCAC,6.64534677929088,5.66712220733702
CTGCAG,6.1449134352134,4.5861537923534
CTGCAT,6.67006101806588,5.69141462829221
CTGCCA,6.87983465207214,5.91688343643839
CTGCCC,6.53260234509923,5.48946788494462
CTGCCG,5.94323728778579,4.86181672930711
CTGCCT,6.58384039716619,5.6855747869581
CTGCGA,6.65090151040434,5.72269798979325
CTGCGC,6.4294654207469,5.61774356880357
CTGCGG,5.78063318594081,4.911473899145
CTGCGT,6.21830488035122,5.30035058326659
CTGCTA,6.52276743902836,5.68165012273985
CTGCTC,6.44259691757714,5.59205632205657
CTGCTG,6.3445612258437,5.49518553209326
CTGCTT,6.573807335834,5.63764408413943
CTGGAA,6.43920480272777,5.69704474032291
CTGGAC,6.76744817530082,6.02364061302836
CTGGAG,6.84383578298857,5.93075819132127
CTGGAT,6.85926859062426,6.04820968133889
CTGGCA,6.57661910020471,5.80313780744871
CTGGCC,6.59027420040448,5.86337110413517
CTGGCG,6.61872211176463,5.91405808326667
CTGGCT,6.4895402049374,5.8087680100934
CTGGGA,6.40702010493419,5.63946795739695
CTGGGC,6.84199322181106,5.84206934970788
CTGGGG,6.30839200969016,5.78284438201475
CTGGGT,6.22636902913184,5.53745188187
CTGGTA,6.71125168504225,5.88405945840803
CTGGTC,6.34895075638256,5.70284151027349
CTGGTG,6.78183111148373,6.11273442349471
CTGGTT,6.45921123348104,5.60345106547646
CTGTAA,6.41985169471232,5.67646006314341
CTGTAC,6.48116179706873,5.56615824050855
CTGTAG,6.13255473090623,5.49096497458075
CTGTAT,6.06115689606531,5.36578261840837
CTGTCA,7.00436881455373,5.97590371642269
CTGTCC,6.75687954074392,5.92448271837902
CTGTCG,6.58276553663786,5.65271352485262
CTGTCT,6.71214698957727,5.80101254408023
CTGTGA,5.96576334607687,5.3427445168709
CTGTGC,6.24235086624229,5.493846477446
CTGTGG,6.02788777601981,5.09079144630887
CTGTGT,6.22441953493921,5.45942979015921
CTGTTA,6.55990696650343,5.65365671639781
CTGTTC,6.31741813889754,5.42387740336123
CTGTTG,6.00775507033223,5.31669015055154
CTGTTT,6.403085270424,5.47582896362175
CTTAAA,6.89117771995821,5.99334728305349
CTTAAC,6.87501847843648,5.9499473910538
CTTAAG,6.60983104208966,5.70679372109339
CTTAAT,7.01146440914288,6.04786778515315
CTTACA,6.2833900830766,5.53877803404064
CTTACC,6.58687702172362,5.66824050788745
CTTACG,6.61701938623095,5.51709929082881
CTTACT,7.08025342423553,6.18353560054842
CTTAGA,6.54123265832872,5.74028133585732
CTTAGC,6.41573653851581,5.70283089666
CTTAGG,6.38908314616164,5.66729149450672
CTTAGT,6.75434516576984,5.83167486869581
CTTATA,7.15462362119214,6.13300584671457
CTTATC,6.62092631093071,5.73476380361268
CTTATG,6.28628662636293,5.44925630491585
CTTATT,7.118598717998,6.1553845416785
CTTCAA,6.67620657982313,5.89674421907262
CTTCAC,6.44975302493773,5.79133738634788
CTTCAG,6.79223223746277,5.91046427300021
CTTCAT,6.1652986378443,5.5839615574444
CTTCCA,6.5307178550925,5.66907421325
CTTCCC,6.23166994322038,5.52107020226423
CTTCCG,6.28880703059462,5.13857869049667
CTTCCT,6.25013480629926,5.4876604760737
CTTCGA,6.43438424665463,5.60276094687366
CTTCGC,6.31898382060063,5.73436252781
CTTCGG,6.37986472521327,5.50603364641673
CTTCGT,6.25195342674264,5.60084688183773
CTTCTA,6.87940489822492,5.91238697515385
CTTCTC,6.90009260507205,5.52843684413026
CTTCTG,6.6285985883725,5.65956304033333
CTTCTT,6.3488465237445,5.398148566959
CTTGAA,7.07971217892691,6.02423779050309
CTTGAC,7.01462878621706,6.10325937670392
CTTGAG,6.43893602806674,5.57461602945478
CTTGAT,6.96560880710963,6.17750761985296
CTTGCA,6.72618062810694,5.76930501245714
CTTGCC,5.98955132780167,4.85886573167889
CTTGCG,6.82219790584708,5.77860625257667
CTTGCT,6.22399732281417,5.32706491598722
CTTGGA,6.48098879809895,5.66127855608015
CTTGGC,6.79084856356044,5.975479356248
CTTGGG,6.49645561488964,5.85670204316036
CTTGGT,6.438202061726,5.66622421690044
CTTGTA,6.93323852665164,5.85604387869818
CTTGTC,6.485578585571,5.67731545602125
CTTGTG,6.93652650469721,6.11537497995209
CTTGTT,6.42141987672667,5.405037032715
CTTTAA,6.10320735999316,5.39048206684076
CTTTAC,6.82640907958261,6.02085892704196
CTTTAG,6.06944812659071,5.39599160268929
CTTTAT,6.78985064291951,5.76167563139951
CTTTCA,6.88528410083214,5.982880135823
CTTTCC,6.52127618644,5.76160431723289
CTTTCG,6.53612838093895,5.98207812024053
CTTTCT,6.57684127977194,5.54123805929861
CTTTGA,6.27194756470745,5.44767451503491
CTTTGC,6.39055900580556,5.500010652778
CTTTGG,6.41138845925167,5.53222171440595
CTTTGT,6.17581866427633,5.497666460464
CTTTTA,6.73451437905387,5.70192341685871
CTTTTC,6.17197991238174,5.36404367763261
CTTTTG,6.69405039303595,5.8383746171
CTTTTT,6.78354524873067,5.66796578313433
GAAAAA,6.7919928871088,5.93394172914064
GAAAAC,6.70390952537995,5.94802947375142
GAAAAG,6.64908514485879,5.84156394319961
GAAAAT,6.87983325148225,5.96476242546351
GAAACA,6.61545859129234,5.89195538777984
GAAACC,6.44600077722157,5.82694465592813
GAAACG,6.62693240501197,5.90309940978934
GAAACT,6.5350681115562,5.81908299051435
GAAAGA,6.60935081121665,5.86799257525684
GAAAGC,6.59966095934786,5.78085227918816
GAAAGG,6.48976935950067,5.80459421579539
GAAAGT,6.81160545598896,5.96423058085707
GAAATA,6.81854230809707,5.85112318341921
GAAATC,6.69190544576138,5.94923547872434
GAAATG,6.87011001588954,6.02177685944838
GAAATT,6.64746923794891,5.86992951605118
GAACAA,6.54679645575429,5.7624237588379
GAACAC,6.68477053981093,5.98655253258071
GAACAG,6.48613417047535,5.55984399362685
GAACAT,6.57683953077289,5.85175887037492
GAACCA,6.58421926327838,5.94462429254171
GAACCC,6.42802504440611,5.836017042469
GAACCG,6.40731602028882,5.61958709694047
GAACCT,6.57975427391949,5.7577882078122
GAACGA,6.55319908162375,5.69150546129941
GAACGC,6.17939061396324,5.50873569967394
GAACGG,6.34140250829679,5.42037598155634
GAACGT,6.65158256149523,5.77153140025872
GAACTA,6.77081422389164,5.83033553683009
GAACTC,6.82315883475835,5.92349018445962
GAACTG,6.8115185725347,5.88461611910699
GAACTT,6.68981831137723,5.88519552003446
GAAGAA,6.56970088065167,5.7691851428854
GAAGAC,6.60807650967112,5.81370846194388
GAAGAG,6.41040741208042,5.60391099260789
GAAGAT,6.79770157677695,5.92841628913053
GAAGCA,6.50896901209674,5.71277438393492
GAAGCC,6.807435686731,6.02518158920475
GAAGCG,6.25758265743766,5.67069338106221
GAAGCT,5.99024488538344,5.41822349609393
GAAGGA,6.66354638289481,5.90560763919083
GAAGGC,6.62726316280457,5.76402403388285
GAAGGG,6.54250473148669,5.82533549030345
GAAGGT,6.53515797170407,5.77217683407042
GAAGTA,6.69617226363048,5.88224396913769
GAAGTC,6.48412094339777,5.86087479731777
GAAGTG,6.47043336030333,5.72697685866925
GAAGTT,6.94883565067944,6.11451892559678
GAATAA,6.37155271047328,5.66468379095349
GAATAC,6.65906816608105,5.86336505951307
GAATAG,6.22052351177618,5.55074658485703
GAATAT,6.48736832195727,5.68378442394843
GAATCA,6.45091161553272,5.71270058995358
GAATCC,6.4535377163504,5.70236406947614
GAATCG,6.62226348936363,5.78082784364745
GAATCT,6.32631499480937,5.56400645868526
GAATGA,4.85043266762532,4.54432329336186
GAATGC,4.9945828369353,4.4230442669804
GAATGG,3.87112357076427,3.03706560660456
GAATGT,5.07644911431815,4.61642622629054
GAATTA,6.5959390642961,5.80909540656976
GAATTC,6.20653161964744,5.67081673100293
GAATTG,6.42275433460722,5.46612767185528
GAATTT,6.36154039158851,5.53504533780175
GACAAA,6.58937400412651,5.7974615510383
GACAAC,6.54687505500503,5.81993129930161
GACAAG,6.3549705054048,5.65539005860039
GACAAT,6.62293082563331,5.93301666607071
GACACA,6.58950673097774,5.74157573638197
GACACC,6.81746687337152,6.06646692283196
GACACG,6.63854688392456,5.83633687352111
GACACT,6.62454879843519,5.92172439656392
GACAGA,6.54900117127382,5.72610067621463
GACAGC,6.34179444946453,5.61206674846987
GACAGG,6.29373500571092,5.39714393105148
GACAGT,6.54248973515122,5.77888299392037
GACATA,6.59219735086714,5.81373997009036
GACATC,6.42927790643106,5.72396660109365
GACATG,6.55887442626881,5.63491587434069
GACATT,6.96881094776797,6.07821632733581
GACCAA,6.43107800727573,5.69938214139033
GACCAC,6.44595940091117,5.82754478392403
GACCAG,6.50781061524841,5.63229945436302
GACCAT,6.6774796329646,5.75152118233746
GACCCA,6.35438575626382,5.58100275139345
GACCCC,6.31751992015837,5.59247141794047
GACCCG,6.28144499489069,5.45601360688121
GACCCT,6.17536507441737,5.28600156354947
GACCGA,6.49725713580843,5.57082780531255
GACCGC,6.36738266552,5.61576078220132
GACCGG,5.92013356173,4.90005885466074
GACCGT,6.25242548814298,5.25002438668191
GACCTA,6.6351592888979,5.86235659124018
GACCTC,6.65595184778529,5.86955089768765
GACCTG,6.94007211110067,5.984840441753
GACCTT,6.426733825854,5.4280609686912
GACGAA,6.50021323996063,5.75710930067042
GACGAC,6.2239892886273,5.42857544818775
GACGAG,6.43383504973738,5.67473520062466
GACGAT,6.5668079880263,5.75763989945154
GACGCA,6.57554018795301,5.81434605833849
GACGCC,6.37883187535917,5.40356818150042
GACGCG,6.37798051787039,5.62074384977
GACGCT,6.64734768425388,5.92100018975412
GACGGA,6.382310689707,5.66350468424083
GACGGC,6.59761525580933,5.96984438648587
GACGGG,6.11273512050846,5.51889336301286
GACGGT,6.33680755902165,5.53589084453089
GACGTA,6.74905674836448,5.77343141700292
GACGTC,6.3651128343472,5.5943422326648
GACGTG,6.17554409495333,5.27960361046556
GACGTT,6.54104779711609,5.71318240328069
GACTAA,5.78488603694545,5.31974716973748
GACTAC,6.27400979181605,5.52135884989889
GACTAG,6.396364284892,5.45295546733883
GACTAT,6.28324252383934,5.40206283233842
GACTCA,6.24707162822165,5.59522865463588
GACTCC,6.80233741235397,5.88943746126897
GACTCG,6.66502982036074,5.73644502493667
GACTCT,6.30758144498145,5.56302315321226
GACTGA,6.14186106349358,5.49844908037753
GACTGC,6.26651696912949,5.45279613983407
GACTGG,6.23928761586514,5.47192532646472
GACTGT,6.49768956294569,5.60761281960277
GACTTA,6.42780456443981,5.53154125375906
GACTTC,6.60900461922691,5.74327612827309
GACTTG,6.26618099684875,5.43969665874
GACTTT,6.34326162735672,5.60733346192052
GAGAAA,6.73839828258225,5.83115326216563
GAGAAC,6.38104381857967,5.60013724111496
GAGAAG,6.40259145014165,5.69935987675338
GAGAAT,6.69640153781428,5.88860892827043
GAGACA,6.55121140554496,5.85681107313041
GAGACC,6.26673243221426,5.72129294993221
GAGACG,6.52998840350492,5.85300776886239
GAGACT,6.38729445105416,5.63613177309261
GAGAGA,6.75341204176127,5.9245128957044
GAGAGC,6.4233331724652,5.69515217389169
GAGAGG,6.55176964269709,6.01693831935171
GAGAGT,6.86474638601404,6.0287904594082
GAGATA,7.05034287071792,6.14573150817408
GAGATC,6.49342921932706,5.80959680108695
GAGATG,6.67458917412115,5.84631539140628
GAGATT,6.23457159484367,5.57224364070544
GAGCAA,6.71712144338157,5.90680912706223
GAGCAC,6.3396162507184,5.6917906091128
GAGCAG,6.3574658782927,4.8984586335515
GAGCAT,6.31293770743918,5.48268619511178
GAGCCA,6.69091792213514,5.90464655
GAGCCC,6.50680967708062,5.679187641555
GAGCCG,6.19544396655963,5.06646721260259
GAGCCT,6.94662960184562,6.09008598666312
GAGCGA,6.38543634898586,5.53491601064644
GAGCGC,6.46276762308306,5.55556760503286
GAGCGG,6.31513715545942,5.49452517886217
GAGCGT,6.36448590691817,5.62937644430533
GAGCTA,6.64217918105967,5.65681299854689
GAGCTC,6.27637825817113,5.55901982181981
GAGCTG,6.08029987660889,5.17605222380889
GAGCTT,6.55355490392635,5.72304729301653
GAGGAA,6.74575015051035,6.08302452581544
GAGGAC,6.68632871021124,6.06417635235657
GAGGAG,6.47284602103702,5.78767415340789
GAGGAT,6.7488237803125,5.98944890206731
GAGGCA,6.43041434600066,5.70203181256846
GAGGCC,6.60006374275621,5.96173193307638
GAGGCG,6.55281497039627,5.82518481213797
GAGGCT,6.58062198871177,5.90400622517242
GAGGGA,6.5534039238794,5.89281532463128
GAGGGC,6.532813734797,5.6923361018681
GAGGGG,6.46796982395075,5.98305402825617
GAGGGT,6.45977364260214,5.79815214008153
GAGGTA,6.58090692676038,5.80739517544917
GAGGTC,6.9304177350875,6.16186535076837
GAGGTG,6.65984196355152,6.04281961370481
GAGGTT,6.76198656284853,6.02618525711213
GAGTAA,6.32799864235826,5.63443029299271
GAGTAC,6.6619304593368,5.74261451791456
GAGTAG,6.01957741124609,5.1425272114412
GAGTAT,6.57635214235425,5.661907837494
GAGTCA,6.63558182643827,5.918563082352
GAGTCC,6.86819493904702,5.95796987115511
GAGTCG,6.31356684047167,5.39441044379167
GAGTCT,6.1898692594725,5.42138887340641
GAGTGA,5.95034602891263,5.40554258306525
GAGTGC,6.121334413907,5.40138372979557
GAGTGG,6.17686258601283,5.49126394648717
GAGTGT,6.21261128956559,5.46519791552691
GAGTTA,6.18922389194022,5.4671252689137
GAGTTC,6.22523065017818,5.51926566463974
GAGTTG,6.68738924421197,5.71310364331761
GAGTTT,6.45670690583296,5.64753230992654
GATAAA,6.93716098739367,6.05962031146876
GATAAC,6.60303468439908,5.92363120088582
GATAAG,6.65130303467017,5.81746098838555
GATAAT,6.73787510848465,5.95777790251182
GATACA,6.50765206899794,5.8112523993315
GATACC,6.66947393273446,5.94402750498467
GATACG,6.9285455670245,6.14740526250708
GATACT,6.80745654304257,5.92047616360644
GATAGA,6.7733605039247,5.80571975165068
GATAGC,6.73207738997283,5.886792294794
GATAGG,6.59796941818766,5.96136924414297
GATAGT,6.49032195387113,5.78307678441959
GATATA,6.52962248428067,5.69322633542901
GATATC,6.83641067481871,6.08179218653645
GATATG,7.07800665322282,6.12347976520962
GATATT,6.57354777222458,5.7875819573099
GATCAA,6.61260775740175,5.93980942204507
GATCAC,6.4154158024625,5.70023929645534
GATCAG,6.35057029385415,5.53279107538641
GATCAT,6.3263955488848,5.72493896458987
GATCCA,6.49670828268985,5.70541783805746
GATCCC,6.40283141318094,5.41377253143375
GATCCG,6.91197561310771,5.68044282648284
GATCCT,6.53255179655433,5.729857325274
GATCGA,6.19406525853829,5.51782342189924
GATCGC,6.09025705901812,5.45133736932292
GATCGG,6.41303993127618,5.43142747286191
GATCGT,6.86054219998333,5.9018289040481
GATCTA,6.56448462937533,5.84951906570311
GATCTC,6.50530054407848,5.70441106739926
GATCTG,6.43525946259836,5.62893011647164
GATCTT,6.715079818448,5.66859937553733
GATGAA,5.77969686170125,5.1776060923117
GATGAC,5.82489678670728,5.33697200707946
GATGAG,5.71398164284375,5.2729896948325
GATGAT,5.87977142612478,5.34486645178956
GATGCA,5.95221230444253,5.28629476459301
GATGCC,5.74141961902,5.32688842456875
GATGCG,5.61443202726561,5.22422733548061
GATGCT,5.81391988467804,5.22578809667196
GATGGA,5.46397840075434,5.10315169414333
GATGGC,5.03960472735634,4.60608020844549
GATGGG,5.27488155684303,4.80730878960939
GATGGT,5.63540057657933,4.9092202104428
GATGTA,5.38785882969702,4.54292552029179
GATGTC,5.88290301215562,5.29365471394862
GATGTG,5.70234091106829,4.73863298106229
GATGTT,5.89668823962804,5.28284121449054
GATTAA,6.04245739306067,5.35760891933993
GATTAC,6.56825300710907,5.8303657028888
GATTAG,6.36330012401562,5.56256330426427
GATTAT,6.36703618654837,5.47273349924184
GATTCA,6.97957549492336,6.09410905199804
GATTCC,6.53364289732859,5.72628732086953
GATTCG,6.31380260147952,5.61125122232242
GATTCT,6.56321653694466,5.66406963789479
GATTGA,5.75799609038117,5.08695869310136
GATTGC,6.67811284730824,5.74189184233203
GATTGG,6.30358546659224,5.330991023482
GATTGT,6.23714335284409,5.29970940641667
GATTTA,6.98243585927738,6.01011373020169
GATTTC,6.75806007793186,5.86925187188657
GATTTG,6.60558366808033,5.714396659513
GATTTT,6.75456564755125,5.78932498847304
GCAAAA,6.77596655666204,6.00487376397047
GCAAAC,6.42268924716665,5.68793476366954
GCAAAG,6.7788157103551,5.77769898373697
GCAAAT,6.62617835465612,5.97850993750218
GCAACA,6.79190733399363,6.02289740282701
GCAACC,6.39684139477598,5.72662109513533
GCAACG,6.48626264874318,5.83548048078114
GCAACT,6.20848379945898,5.47753795302639
GCAAGA,6.67528251684771,5.8228466228258
GCAAGC,6.30967943220182,5.61286384417818
GCAAGG,6.37630285496895,5.78752854314414
GCAAGT,6.86830176882264,6.10430008887274
GCAATA,6.65487833609044,5.85223674753819
GCAATC,6.53007937740715,5.78771033442477
GCAATG,6.57666997492728,5.71960622213837
GCAATT,6.49579540367325,5.71873057888939
GCACAA,6.58888515933171,5.89046297990906
GCACAC,6.57783665655,5.95042773333562
GCACAG,6.47607455730371,5.43444504711393
GCACAT,6.5400605877146,5.71251730299276
GCACCA,6.71796078636947,5.96723467158813
GCACCC,6.34803562672429,5.63790655005667
GCACCG,6.24113810463907,5.44248969977981
GCACCT,6.42313296836462,5.62457090053923
GCACGA,6.14705412564805,5.36985380535117
GCACGC,6.43468787739312,5.63588259277937
GCACGG,6.32007852638329,5.71405236059616
GCACGT,6.28566006774129,5.51906101452242
GCACTA,6.25309257323803,5.66304403901042
GCACTC,6.37845936980656,5.52380204266787
GCACTG,6.55135452070717,5.69686319271022
GCACTT,6.81131022788884,5.81837326139488
GCAGAA,6.48709931334209,5.59557694845163
GCAGAC,6.46790980898165,5.65873589310741
GCAGAG,6.49023525127583,5.71720734558407
GCAGAT,6.580763248335,5.6612302491216
GCAGCA,6.4318422858665,5.52541304741722
GCAGCC,7.04065939546061,6.25836862198636
GCAGCG,6.38221790096212,5.56029594140365
GCAGCT,6.52966349351725,5.87159767577941
GCAGGA,6.4063934786089,5.68124089012314
GCAGGC,6.04608633493408,5.35275827336127
GCAGGG,6.66034503253649,5.94793644454211
GCAGGT,6.57184192100253,5.85238481124644
GCAGTA,6.51922229308588,5.82573063102088
GCAGTC,6.36487674110081,5.53400213786081
GCAGTG,6.086085257597,5.13890314409633
GCAGTT,6.4993928395706,5.89621606662851
GCATAA,6.5513640310455,5.86283616434147
GCATAC,6.56801954870506,5.94180925784566
GCATAG,6.00618633252839,5.41600211957299
GCATAT,6.66949763341056,5.771736331654
GCATCA,6.50126251593439,5.76478099547299
GCATCC,6.42100005337392,5.67600514878772
GCATCG,6.42624191446629,5.77202911346471
GCATCT,6.54516135713179,5.73524912020464
GCATGA,4.87398000130286,4.512513960725
GCATGC,5.47635551546923,4.74297750388323
GCATGG,4.2131845323058,3.43432914414636
GCATGT,4.9385061527293,4.5321703168328
GCATTA,6.75234204815457,5.90121875363851
GCATTC,6.41183565802988,5.75721464670506
GCATTG,6.42471751858329,5.60460541311078
GCATTT,6.4346494956293,5.64869750123509
GCCAAA,6.33544814163192,5.55678196370433
GCCAAC,6.6096252017328,5.7765133808184
GCCAAG,6.15866137038975,5.39601302820888
GCCAAT,6.7312902098219,5.85350659199921
GCCACA,6.55804735991573,5.73968323963307
GCCACC,6.4922564993015,5.4932349412847
GCCACG,6.07937812163596,5.34977797645288
GCCACT,6.47119200516143,5.81618940206429
GCCAGA,6.27103881788245,5.62471824171367
GCCAGC,6.11642234698082,5.35172333206184
GCCAGG,6.1279000807264,5.0336588255584
GCCAGT,6.5800660065229,5.72370055800605
GCCATA,6.78844030202937,6.09362817034648
GCCATC,6.69768191998609,5.8910695505463
GCCATG,6.55185652970485,5.78154570703564
GCCATT,6.38946245169813,5.60819006494094
GCCCAA,6.63600758931852,5.71676190034704
GCCCAC,6.25629903786571,5.64518935136286
GCCCAG,5.4296209732035,4.8125445898005
GCCCAT,6.10363577835944,5.38605793660889
GCCCCA,6.20393108737303,5.51096975988667
GCCCCC,5.48555026214385,5.00453324151308
GCCCCG,6.209469608753,5.2464083991525
GCCCCT,6.24408548221,5.61809029097167
GCCCGA,6.50350052490222,5.46027752669667
GCCCGC,6.87331851064143,5.83742148820286
GCCCGG,6.048117350195,5.141171775196
GCCCGT,5.86205727743,5.05661789190778
GCCCTA,6.76457340944933,5.67100754102867
GCCCTC,5.740379571084,5.297098683204
GCCCTG,6.651419729572,6.174870274491
GCCCTT,6.50155129215,5.65231690883
GCCGAA,6.34160855496195,5.52466963923805
GCCGAC,5.7391250145455,4.91201461684025
GCCGAG,6.44682983835017,5.62557760213729
GCCGAT,6.26067189464294,5.46258042530922
GCCGCA,6.45223292936397,5.55113232365828
GCCGCC,6.03494307085529,4.85728446519118
GCCGCG,6.56620112780378,5.74585370668
GCCGCT,6.063200421411,5.317075108554
GCCGGA,6.55973184824286,5.47660182850318
GCCGGC,6.03108249758115,5.01349460390077
GCCGGG,6.17035901032826,5.00758419470054
GCCGGT,5.94857890814462,4.68274248325333
GCCGTA,6.20594080510702,5.28584954607149
GCCGTC,6.83121861311413,5.98410396417848
GCCGTG,6.54831591849156,5.703836632394
GCCGTT,6.26403140746171,5.67010489506371
GCCTAA,6.05185932333579,5.47293712899228
GCCTAC,6.04010109899233,5.22637929186033
GCCTAG,6.187415457635,5.5589911146724
GCCTAT,6.41495123385865,5.6276328369927
GCCTCA,6.77536822637636,5.96219029449424
GCCTCC,6.7285382243,5.92639323800806
GCCTCG,5.8765981019288,5.1224154274852
GCCTCT,6.07853664273647,5.65042719506647
GCCTGA,6.23206035879278,5.40865633864
GCCTGC,5.83039663657333,4.90739223911633
GCCTGG,6.26113292979974,5.34519629053658
GCCTGT,6.4726170807755,5.5452753386845
GCCTTA,6.52773172816043,5.66857992117826
GCCTTC,5.73912822388,5.44405259248556
GCCTTG,5.78047789786517,5.01306708043276
GCCTTT,6.27726042181333,5.44365178269556
GCGAAA,6.40257699903799,5.61421158618838
GCGAAC,6.48535416297894,5.83939860093708
GCGAAG,6.49332749428164,5.75168752896615
GCGAAT,6.56926578526252,5.9094253542466
GCGACA,6.8507263869599,6.15298099675057
GCGACC,6.63825297800519,5.96366967898981
GCGACG,6.69811834238649,5.90702748134985
GCGACT,6.0739866529579,5.45704872123842
GCGAGA,6.43773628250258,5.79992759186032
GCGAGC,6.48552013620883,5.80841848108623
GCGAGG,6.63942637679167,5.98367878860812
GCGAGT,6.55795384726892,5.73918130418738
GCGATA,6.76551661937073,5.92856017539854
GCGATC,6.57574048166268,5.83820500698183
GCGATG,6.87835757450769,5.94203546777092
GCGATT,7.06893375310571,6.09950477959202
GCGCAA,6.56352432741108,5.736302714544
GCGCAC,6.88556021756881,6.05950878848966
GCGCAG,6.50649460180847,5.07742901711966
GCGCAT,6.64764948388013,5.76204587662753
GCGCCA,6.01431958263306,5.31778900318776
GCGCCC,6.36421472399792,5.77669776550538
GCGCCG,5.71606170228231,4.60863452529615
GCGCCT,7.06437297844154,6.05150301820692
GCGCGA,6.53627817194259,5.65864190331188
GCGCGC,6.36760482645714,5.40174287409186
GCGCGG,6.11225300369623,5.18538329578826
GCGCGT,6.37677126984732,5.426999402105
GCGCTA,6.53717353199377,5.58994451206299
GCGCTC,6.3498991329598,5.55200742056327
GCGCTG,6.58919500250932,5.60173358922136
GCGCTT,6.39977599842717,5.60510738745283
GCGGAA,6.20896278320095,5.56222837195734
GCGGAC,6.31833841368822,5.64335937238953
GCGGAG,6.55762305144364,5.71556600409247
GCGGAT,6.26739678984121,5.57308040323879
GCGGCA,6.21870655640583,5.44711281828816
GCGGCC,6.18473450896028,5.45355923091525
GCGGCG,6.11489058303259,5.33949539619017
GCGGCT,6.25538033845574,5.52603504495328
GCGGGA,6.29290772523632,5.60893994467566
GCGGGC,6.20677795296987,5.46176376954278
GCGGGG,5.95840673922988,5.2759770368743
GCGGGT,6.12747025015702,5.65329222495561
GCGGTA,6.74501510410231,5.88292309247053
GCGGTC,6.61723026914488,5.90678294130452
GCGGTG,5.96190575032115,5.12206804080705
GCGGTT,6.33322419382116,5.71588751308101
GCGTAA,6.21400720086432,5.59869147480964
GCGTAC,6.22751161719128,5.65920558382553
GCGTAG,6.02513955573667,5.02719092139
GCGTAT,6.43591245341733,5.6198525957815
GCGTCA,6.373102038,5.668332124532
GCGTCC,6.20184019203922,5.70824990715825
GCGTCG,6.3084238612975,5.4502111897268
GCGTCT,6.48789104435649,5.73800161031553
GCGTGA,5.94924386209021,5.20768716328094
GCGTGC,6.43507905044741,5.51244401244111
GCGTGG,6.09564789976701,5.41194648699403
GCGTGT,6.305268319971,5.4246360159276
GCGTTA,6.64054521461172,5.78803995507242
GCGTTC,6.70669280880463,5.75843561931074
GCGTTG,6.59880200127254,5.57144648268832
GCGTTT,6.20846336127085,5.47276574520051
GCTAAA,6.75317177032415,5.92608925171646
GCTAAC,6.55482057899568,5.82078204331951
GCTAAG,6.67871874767927,5.85215780919229
GCTAAT,6.43786037319306,5.58096671805929
GCTACA,6.38696674361212,5.69840942241067
GCTACC,6.51776432051333,5.68467583293611
GCTACG,6.54862691968122,5.41956846237163
GCTACT,6.25949209936286,5.45336498124643
GCTAGA,6.55134741975169,5.82327036419191
GCTAGC,6.79756568433636,5.85567888437985
GCTAGG,6.4063532657,5.52170534317211
GCTAGT,6.56114888176364,5.77608272630273
GCTATA,6.63863018358078,5.74379166649216
GCTATC,6.74820520757059,5.97640733985456
GCTATG,6.73754735446656,5.82188237911814
GCTATT,6.87040221460516,6.07599734548613
GCTCAA,6.40489462356891,5.53291369239826
GCTCAC,6.43965957164203,5.58822243484087
GCTCAG,6.24301360765603,5.40936455622562
GCTCAT,6.12887180287839,5.35072180901607
GCTCCA,6.38020803244024,5.65924518493381
GCTCCC,6.480774357136,5.71012863247733
GCTCCG,6.21086307081208,5.40446570894302
GCTCCT,6.53337517844657,5.63387982386886
GCTCGA,6.49553920540095,5.69039965284405
GCTCGC,6.47870433092692,5.59257764796487
GCTCGG,6.21338802946259,5.339186245065
GCTCGT,6.6638935204265,5.6585876221485
GCTCTA,6.64324930191745,5.69049529462109
GCTCTC,6.5138599052755,5.78597606843817
GCTCTG,6.99133760313241,5.8855900336531
GCTCTT,5.86081962321739,5.10800964502435
GCTGAA,6.79995911452411,5.8653954660542
GCTGAC,6.68707751824922,5.79061237675078
GCTGAG,6.53998451167042,5.64587383077604
GCTGAT,7.04983520544928,6.16760904511087
GCTGCA,6.63118677263726,5.77216025766986
GCTGCC,6.47192245654158,5.68240034158132
GCTGCG,6.67189091023525,5.664120400299
GCTGCT,5.94936209411684,5.10402778736474
GCTGGA,6.31170056662087,5.49713025595767
GCTGGC,6.29014521085941,5.95654969498804
GCTGGG,5.9797517584783,5.26691413103094
GCTGGT,6.43202936679848,5.48704070796818
GCTGTA,7.12739790143284,6.02819451935015
GCTGTC,6.66582484238032,5.80154068707597
GCTGTG,6.4928354193854,5.6506434257808
GCTGTT,6.63861689283915,5.99344218372766
GCTTAA,6.24223227629641,5.53441577906141
GCTTAC,6.56667523276926,5.66677693269981
GCTTAG,6.65906886650745,5.81847420778564
GCTTAT,6.30217801391167,5.54047350517233
GCTTCA,6.46706756784453,5.65485377434203
GCTTCC,6.53823566101732,5.8389195910761
GCTTCG,6.31244371017304,5.54421868464065
GCTTCT,6.11729926397833,5.22270855507786
GCTTGA,5.94117254502809,5.26244777536574
GCTTGC,6.04653808121,5.15623111665196
GCTTGG,6.32271551361731,5.37047868364308
GCTTGT,5.857213752682,5.19650512075422
GCTTTA,6.50470376346984,5.60121416054869
GCTTTC,6.27086941387444,5.60264050540926
GCTTTG,6.37938095656872,5.61148625058085
GCTTTT,6.43252099611026,5.58795708650921
GGAAAA,6.59222195750944,5.76878357712124
GGAAAC,6.4675529389906,5.73201921651837
GGAAAG,6.54134088797139,5.79168131837361
GGAAAT,6.7104542526546,5.90879338095875
GGAACA,6.17910233494101,5.52097187086571
GGAACC,6.62127281216225,5.89679082519375
GGAACG,6.10143710064473,5.46040941218699
GGAACT,6.34730511928054,5.59180840355667
GGAAGA,6.5195390121118,5.78642554336913
GGAAGC,6.40729291319643,5.65625960061582
GGAAGG,6.01007780867549,5.37393579378151
GGAAGT,6.33331716909605,5.66715027196832
GGAATA,6.71979549391008,5.8201863337224
GGAATC,6.54626244908466,5.75726164152573
GGAATG,6.78716987834826,5.83241169093374
GGAATT,6.67654469414256,5.96271489141385
GGACAA,6.59619647743298,5.84790326053253
GGACAC,6.69665488264742,5.88845141903476
GGACAG,6.52791084400185,5.35766435514706
GGACAT,6.39089161245492,5.66427509026556
GGACCA,6.63383663376238,5.90735188953098
GGACCC,6.28581271545355,5.50619783339194
GGACCG,6.61347266812987,5.59711684423464
GGACCT,6.72708209002574,5.95599563424037
GGACGA,6.2786468143981,5.4355985008156
GGACGC,6.54602041896739,5.72762686130391
GGACGG,6.39930953894037,5.57323606078
GGACGT,6.40908813030844,5.58667914518299
GGACTA,6.63441953394798,5.81983994350321
GGACTC,6.45462677042437,5.65967063852563
GGACTG,6.59557461931092,5.7328531638438
GGACTT,6.18979638003328,5.31403222329344
GGAGAA,6.56890663721716,5.7691166264666
GGAGAC,6.35625817017633,5.69657771547917
GGAGAG,6.5669451724681,5.77432217594086
GGAGAT,6.53882867628445,5.80336364009227
GGAGCA,6.44295192141309,5.74292113643259
GGAGCC,6.94763819928217,6.10428261868435
GGAGCG,6.19977860067172,5.46137478364594
GGAGCT,6.80740157435964,5.95158386194927
GGAGGA,6.47889716292972,5.66622868699092
GGAGGC,6.35309638075495,5.60563652592914
GGAGGG,6.27000218835912,5.55615991009402
GGAGGT,6.6184840361401,5.8316698396334
GGAGTA,6.63740010606884,5.8929956764638
GGAGTC,6.4248504566014,5.7335503361744
GGAGTG,6.352820873902,5.425099539608
GGAGTT,6.26680921140397,5.56047265387077
GGATAA,6.06361720874246,5.4156905001997
GGATAC,6.66325998839445,5.79729216875909
GGATAG,5.87875599680313,5.23241886621276
GGATAT,6.4677326991461,5.69545214989374
GGATCA,6.50176642340559,5.85963859362752
GGATCC,6.36535692081261,5.7289115538912
GGATCG,6.45618915057681,5.87253569474798
GGATCT,6.04690419736753,5.39627994631039
GGATGA,4.53411555018909,4.15948340131927
GGATGC,5.14863138425754,4.8061249119158
GGATGG,3.78165233634139,2.96499310459723
GGATGT,5.16321390012256,4.62832866345767
GGATTA,6.3509011386861,5.49540505669986
GGATTC,6.84651339209725,5.9378672678555
GGATTG,6.52043209720534,5.63714197479852
GGATTT,6.70993016160619,5.88036682257238
GGCAAA,6.48850984940663,5.79012427602854
GGCAAC,6.41134695699897,5.72154396303724
GGCAAG,6.39169634334386,5.48283509358871
GGCAAT,6.46949955208309,5.69689552572417
GGCACA,6.38324790801576,5.71317434628272
GGCACC,6.66843527434035,5.93155194097337
GGCACG,5.99739333584235,5.35418021399141
GGCACT,6.4410055541486,5.65997389164907
GGCAGA,6.52659190248513,5.69210161134277
GGCAGC,6.06438826828817,5.18029222634402
GGCAGG,6.45560388335021,5.65488532548193
GGCAGT,6.09616234524485,5.2608164850397
GGCATA,6.71049465389819,5.93221890124848
GGCATC,6.62139683675854,5.87211383098939
GGCATG,6.83000739247667,5.87189093764155
GGCATT,6.54733143200439,5.82167185749561
GGCCAA,6.45829568472582,5.75639484988802
GGCCAC,6.44108167151362,5.62551002219725
GGCCAG,6.03498631780629,5.27079604325957
GGCCAT,6.84656490749082,5.91358477169041
GGCCCA,6.17762250624275,5.41075718387075
GGCCCC,5.81560627020048,5.17828805443333
GGCCCG,5.8052392421085,5.3013329537685
GGCCCT,6.44015600522,5.55263302964063
GGCCGA,6.42280675299754,5.44200152166053
GGCCGC,6.42482887266625,5.57634696395635
GGCCGG,5.80392873996812,5.04277907238234
GGCCGT,6.21507811532231,5.41896629168974
GGCCTA,6.39396057753861,5.66800980080903
GGCCTC,6.56616962806568,5.72025103245886
GGCCTG,6.23242887285257,5.19232543967943
GGCCTT,6.33180939898606,5.47642757189545
GGCGAA,6.6957454603243,5.83388715690958
GGCGAC,6.50859604303531,5.67592900056265
GGCGAG,6.59542943832378,5.73031363925171
GGCGAT,6.36929121531131,5.62761012371452
GGCGCA,6.26737835227217,5.49119625946928
GGCGCC,6.88903604538,6.08399316447684
GGCGCG,6.04047389230431,5.40949124935523
GGCGCT,6.70830647405487,6.04568954810051
GGCGGA,6.35830915508155,5.50729094742379
GGCGGC,5.95114173426423,5.14194177780476
GGCGGG,6.19111439478012,5.50687471663847
GGCGGT,6.26064306662859,5.44653473110685
GGCGTA,6.54462176646639,5.63353699605792
GGCGTC,6.46221050795368,5.65819066305579
GGCGTG,6.43860383924939,5.74020427222121
GGCGTT,6.42775477960918,5.67175601212438
GGCTAA,5.88648684899565,5.13613314185908
GGCTAC,6.30751328942833,5.61896798697927
GGCTAG,5.97692500244411,5.25313128550822
GGCTAT,6.45878977127269,5.74047107334231
GGCTCA,6.72781689607011,5.81378944927831
GGCTCC,6.49358149062175,5.76929854936456
GGCTCG,6.20966765755788,5.41809671490455
GGCTCT,6.31380662033133,5.66046725081178
GGCTGA,5.87020135906688,5.21419237044796
GGCTGC,6.45630865443868,5.67181827497309
GGCTGG,6.2980161595395,5.3915093690385
GGCTGT,6.1986581449414,5.425275466443
GGCTTA,6.57797688501537,5.8149038979894
GGCTTC,6.26454179002448,5.67088383581448
GGCTTG,6.56923423901889,5.49728174936622
GGCTTT,6.19541555050185,5.51359952533523
GGGAAA,6.45618409041152,5.70097667539992
GGGAAC,6.39975048401662,5.83964711358149
GGGAAG,6.68891557984429,5.78658912683579
GGGAAT,6.69405493681978,5.89392526095239
GGGACA,6.38744769261066,5.70914578306329
GGGACC,6.49923043296722,5.84728682179403
GGGACG,6.21407540040733,5.53692924748293
GGGACT,6.50347655505161,5.68924025055602
GGGAGA,6.43404716804963,5.7116236762336
GGGAGC,6.28474864436576,5.59085095032017
GGGAGG,6.4108376082791,5.80069569324872
GGGAGT,6.23939465749772,5.65279422544287
GGGATA,6.65523223663013,5.92890090701385
GGGATC,6.68931079073536,5.96867763970446
GGGATG,6.62476096447898,5.7052071347271
GGGATT,6.3594343712966,5.56015096045181
GGGCAA,6.55315423474186,5.78734987956772
GGGCAC,6.2876769395962,5.5514866335292
GGGCAG,6.00981465467971,4.86066367209748
GGGCAT,6.32065068554288,5.63685134863525
GGGCCA,6.06616133269621,5.50634045046287
GGGCCC,6.56048473980345,5.61970911193897
GGGCCG,6.26901907427532,5.5298526456429
GGGCCT,6.11781636647049,5.36425445217293
GGGCGA,6.54095212993325,5.71798490397086
GGGCGC,6.19409266910482,5.50679320557578
GGGCGG,5.93410396889674,5.02532597409494
GGGCGT,6.446471117264,5.739522818834
GGGCTA,6.28304151689942,5.47564930081699
GGGCTC,6.32135129142623,5.77364118159797
GGGCTG,6.2803054165441,5.43109364192654
GGGCTT,6.42089379025141,5.61886259525422
GGGGAA,6.51067960558754,5.71141857439067
GGGGAC,6.21609282679236,5.58055401879727
GGGGAG,6.22502475337835,5.41832180395287
GGGGAT,6.55128213462179,5.82748747862425
GGGGCA,6.61142844142728,5.87552975487136
GGGGCC,6.03447442873492,5.45485158609619
GGGGCG,6.30275589995254,5.77411162263985
GGGGCT,6.545172254694,5.76753990264367
GGGGGA,6.575912416964,5.76683458169793
GGGGGC,6.2052828940263,5.56667561457704
GGGGGG,6.26073694404797,5.49681819750297
GGGGGT,6.1782517793237,5.35467803784217
GGGGTA,6.26239172716163,5.4125867376683
GGGGTC,6.43730527010048,5.76928619634163
GGGGTG,6.14535275899938,5.55607340233538
GGGGTT,6.3989011822619,5.65989608109368
GGGTAA,6.02722136905675,5.42451110381066
GGGTAC,6.68603946919593,5.80089527550721
GGGTAG,5.7246598478738,4.86171520014576
GGGTAT,6.21033848087779,5.4798870224885
GGGTCA,6.47473444706806,5.75350259402763
GGGTCC,6.50755547073816,5.72936493069299
GGGTCG,6.29303459315637,5.54451735751113
GGGTCT,6.45956563622561,5.585733503895
GGGTGA,5.4900944232612,4.9855342424558
GGGTGC,5.89361863526358,5.34046023181925
GGGTGG,5.96529377462667,5.4310375729224
GGGTGT,6.30152995620732,5.29605167856324
GGGTTA,6.46892844528375,5.66993090740536
GGGTTC,6.2388168753941,5.67296635206495
GGGTTG,5.94498057912687,5.21215972280625
GGGTTT,6.18986799365052,5.32517910389727
GGTAAA,6.83667003084237,5.96665459718647
GGTAAC,6.67802062518552,5.85669107216578
GGTAAG,6.60844186750919,5.58818677618685
GGTAAT,6.72244757945257,5.8413586807023
GGTACA,6.70585016272993,5.9893660120503
GGTACC,6.24234876204649,5.48943910605797
GGTACG,6.26409670163658,5.57052665169329
GGTACT,6.33836710773476,5.57633446895988
GGTAGA,6.54811011057418,5.82867392409221
GGTAGC,6.5862032853447,5.79642928046103
GGTAGG,6.69944551553316,5.83246703442526
GGTAGT,6.61884614500287,5.82229027347053
GGTATA,6.75087234284736,5.86848618660504
GGTATC,6.68146973836239,5.90752824157966
GGTATG,6.5135400348347,5.55246349321325
GGTATT,6.3831314538713,5.59825693494155
GGTCAA,6.57074105682583,5.82162957969755
GGTCAC,6.38014508431759,5.76808099845638
GGTCAG,5.91061654672041,5.24997027606378
GGTCAT,6.42082676319704,5.59488670940071
GGTCCA,6.36262392522678,5.71005388579817
GGTCCC,6.19134124651482,5.6146558430875
GGTCCG,6.19200568627553,5.54528789451882
GGTCCT,6.30970762953415,5.48693762985732
GGTCGA,6.21550078315845,5.3996852702566
GGTCGC,6.2684349247178,5.7104301169208
GGTCGG,5.98494126452429,5.03496293892393
GGTCGT,6.32861092260118,5.7073865926598
GGTCTA,6.59606980308028,5.84678685792535
GGTCTC,6.77904767831979,6.01708833676851
GGTCTG,6.65339145383452,5.75622371099476
GGTCTT,6.62691375685295,5.7981038974318
GGTGAA,6.6330488933654,5.89261764038872
GGTGAC,6.46496666936911,5.66637339095962
GGTGAG,6.16519224176967,5.19433506306275
GGTGAT,6.79531848746674,5.9556883742764
GGTGCA,6.16257841344988,5.08887525545877
GGTGCC,6.52657577922424,5.79859443999424
GGTGCG,6.35530938032437,4.89795948800313
GGTGCT,6.113599836874,5.2642034961666
GGTGGA,6.24878982623431,5.49729447891474
GGTGGC,6.31396673692609,5.61009009781246
GGTGGG,6.14055684004069,5.38973878929516
GGTGGT,5.86713569687206,5.01411854548021
GGTGTA,6.27150724890262,5.37635670956917
GGTGTC,6.71610195199768,6.08673418473319
GGTGTG,6.36035663911481,5.35427033157019
GGTGTT,6.60799696024212,5.65102604342077
GGTTAA,5.89377158292057,5.2098411328055
GGTTAC,6.68791113418032,5.83536483166893
GGTTAG,5.96561375109056,5.38208824394233
GGTTAT,6.63517559157625,5.72860974025575
GGTTCA,6.57995348059056,5.78833355371602
GGTTCC,6.38394835017137,5.75755537337795
GGTTCG,6.57900762196681,5.89096847920915
GGTTCT,6.52149878961328,5.59968923533828
GGTTGA,5.72995399483809,5.22280218696924
GGTTGC,6.01328468253578,5.36645825516938
GGTTGG,6.28381561244333,5.4354049269465
GGTTGT,6.1323192243553,5.33849110430136
GGTTTA,6.36321604294675,5.62866184670289
GGTTTC,6.61437115986,5.75042328237393
GGTTTG,6.37095414085952,5.5175961606246
GGTTTT,6.08053490141143,5.23301218223482
GTAAAA,6.70280785007174,5.75388574106801
GTAAAC,6.38443252716624,5.47716170436045
GTAAAG,6.43930996975824,5.51700202467653
GTAAAT,6.72447630311869,5.97000114659292
GTAACA,6.51035972967537,5.71465369122701
GTAACC,6.77572958040481,5.92091522418442
GTAACG,6.46044189462169,5.58316589490181
GTAACT,7.08532892529375,6.05656583503693
GTAAGA,6.81523962679574,5.77619530682757
GTAAGC,6.52257180080165,5.85106394196266
GTAAGG,6.20692005385449,5.4786443229163
GTAAGT,6.44500741467272,5.6778580530712
GTAATA,6.96030504927268,6.1273852396751
GTAATC,6.5742794097701,5.78343288904533
GTAATG,6.64774705832893,5.74933368597655
GTAATT,7.09239781324164,6.23114742675781
GTACAA,6.61667303148464,5.8555293705092
GTACAC,6.56382534261867,5.82176090062787
GTACAG,6.18606797657308,5.07409925611
GTACAT,6.35879571920958,5.524740735268
GTACCA,6.72471456315463,5.89699872925865
GTACCC,6.72099812854943,5.94022073155
GTACCG,6.55471374307535,5.68793364620535
GTACCT,6.41871214901724,5.74480212723714
GTACGA,6.65384272689526,5.86140735894711
GTACGC,6.50954910892111,5.67484968784244
GTACGG,6.35555264263694,5.33430051846929
GTACGT,6.55887207538939,5.77282286990212
GTACTA,6.54387234954209,5.84734760231932
GTACTC,6.31506744367526,5.68522965740756
GTACTG,6.46071624213569,5.56206694990181
GTACTT,6.31342123544358,5.64891815548868
GTAGAA,6.91773977865809,6.02228521437397
GTAGAC,6.62336078457479,5.7656916653617
GTAGAG,6.27638648370773,5.55977397349602
GTAGAT,6.81283843614324,5.95776648585127
GTAGCA,6.39734415639662,5.4334644615
GTAGCC,6.73237814437905,5.99238645129857
GTAGCG,6.429994898276,5.6120959120735
GTAGCT,6.73407521331415,5.71032737172317
GTAGGA,6.72223143009146,5.83621164549846
GTAGGC,6.800971881082,5.88580440971637
GTAGGG,6.42609936855474,5.76061551217453
GTAGGT,6.63595331779417,5.76194936692094
GTAGTA,6.2869462837988,5.41094032805653
GTAGTC,6.48201388945515,5.5943898338525
GTAGTG,6.57602131776453,5.69975391859707
GTAGTT,6.46315641756284,5.55632559233627
GTATAA,6.33546009565658,5.62826019037123
GTATAC,6.30768355689163,5.65896817553362
GTATAG,6.49619910787298,5.63963460820286
GTATAT,6.84994453452155,5.95972146759804
GTATCA,6.7439570016686,5.8660942007858
GTATCC,6.36266920668035,5.66231739222667
GTATCG,6.60583330285635,5.72752561691
GTATCT,6.92624265083259,6.24706218344648
GTATGA,5.00247752142613,4.6064662671721
GTATGC,5.29149287069258,4.663951328565
GTATGG,3.97500946419271,3.13345675054678
GTATGT,5.53975550006629,4.907232008981
GTATTA,6.61935862783094,5.75872205073447
GTATTC,6.61514552231733,5.78101408243467
GTATTG,6.60044272450097,5.67406163345139
GTATTT,6.83729668288649,5.9059785497479
GTCAAA,6.60690486067158,5.89520779225776
GTCAAC,6.65888289164736,5.8966300620114
GTCAAG,6.65047381218782,5.83822962127627
GTCAAT,6.91476976432094,6.14743907444948
GTCACA,6.49389865302457,5.75953899391244
GTCACC,6.57549779449703,5.85350076541385
GTCACG,6.29805831063213,5.79093781807938
GTCACT,6.28032333913615,5.66010812920115
GTCAGA,6.59619193273103,5.7719692834153
GTCAGC,6.5751538154417,5.75825143356966
GTCAGG,6.52174739519884,5.6311028094907
GTCAGT,6.3772938125813,5.57498586909605
GTCATA,6.657985848458,5.90318792520008
GTCATC,6.78857886636583,6.03812639433167
GTCATG,6.66426579880176,5.80474547027838
GTCATT,6.79567633331097,6.00551034188028
GTCCAA,6.37714572765257,5.75337106914229
GTCCAC,6.29043939109871,5.64962344110517
GTCCAG,6.37504602980597,5.65596611102987
GTCCAT,5.92176871996173,5.10755887778327
GTCCCA,6.87146759612857,6.18185389992429
GTCCCC,5.38737839860549,4.92096793856046
GTCCCG,6.00513295392325,5.42439451402375
GTCCCT,6.33937534466185,5.2858744144057
GTCCGA,6.54681564302286,5.78540810015595
GTCCGC,6.23276039178846,5.39889698993635
GTCCGG,6.26142995963358,5.24232591784955
GTCCGT,6.51192221551933,5.55593881480956
GTCCTA,6.80976690095729,5.96430789243339
GTCCTC,6.48228203751595,5.80947702863324
GTCCTG,6.40044316577972,5.57491152949944
GTCCTT,6.61533988933095,5.48375287288619
GTCGAA,6.55704294740073,5.7023674542667
GTCGAC,6.90623710466119,5.98644858745657
GTCGAG,6.45398446960194,5.64422117772776
GTCGAT,6.65628360469474,5.88152231958645
GTCGCA,6.38245154780411,5.64914892601804
GTCGCC,5.53110275949176,5.08360648871118
GTCGCG,6.74024575288176,5.80730319414588
GTCGCT,6.748433307779,5.75008989461833
GTCGGA,6.64860764708196,5.58560246295876
GTCGGC,6.28295634609414,5.37292832665552
GTCGGG,6.56699458028849,5.80459436666045
GTCGGT,6.34599180340032,5.51890011820274
GTCGTA,6.73106672615965,5.88481925455031
GTCGTC,6.37675265834673,5.74457035428
GTCGTG,6.30886934922564,5.62108155048745
GTCGTT,6.38543643314348,5.66697533560935
GTCTAA,6.1525404915676,5.68698091021125
GTCTAC,6.50536955746912,5.77233290556945
GTCTAG,6.40328548218724,5.69160609579605
GTCTAT,6.54010582638603,5.66109397073619
GTCTCA,6.60120553738471,5.74816440113914
GTCTCC,6.51626362692593,5.67262428865513
GTCTCG,6.62117777523837,6.02777470738
GTCTCT,6.51287281198182,5.724069091454
GTCTGA,6.31536582057721,5.53508733975803
GTCTGC,6.15636717587678,5.42868734728661
GTCTGG,6.16750273849836,5.40192747107818
GTCTGT,6.42930520146309,5.65801741703673
GTCTTA,6.70623332929367,5.96905017552833
GTCTTC,6.617579255376,5.69455309500073
GTCTTG,6.56513472400718,5.89276564622282
GTCTTT,6.41534689652111,5.70729726424714
GTGAAA,6.70496041090096,5.78616963685433
GTGAAC,6.65976980454256,5.89217832127713
GTGAAG,6.4361183732617,5.42896828194393
GTGAAT,6.78221604497504,5.80180982500973
GTGACA,6.43230716703929,5.56936569560376
GTGACC,6.35883619996588,5.61063309792206
GTGACG,6.46298757919275,5.51560693802368
GTGACT,6.78581216171141,5.76624033944953
GTGAGA,6.80882259019073,5.88099730783802
GTGAGC,6.488186280803,5.67773850343933
GTGAGG,6.53456266462878,5.7326982055902
GTGAGT,6.7250084737045,5.74344476511533
GTGATA,6.31706750665402,5.61293707066023
GTGATC,6.47644875883254,5.68384511969015
GTGATG,6.6905699192006,5.7575604779691
GTGATT,7.12808797897797,6.18922090250551
GTGCAA,6.23675032191422,5.2977101717889
GTGCAC,6.53469855468973,5.53147211322147
GTGCAG,5.88374423296627,3.75439007802627
GTGCAT,6.34075728045281,5.3972223922093
GTGCCA,6.47471713352509,5.77097206729527
GTGCCC,6.45080223658781,5.54953992628906
GTGCCG,6.03200528965923,4.75874013150256
GTGCCT,6.01152129133897,4.95417203276448
GTGCGA,6.74703896907909,5.80979771328886
GTGCGC,6.37649348496796,5.58617810379889
GTGCGG,5.9150004382819,4.5641927243127
GTGCGT,5.88882657636364,5.131527367192
GTGCTA,6.77169751598101,5.61670005339983
GTGCTC,6.4937983392834,5.53933387032623
GTGCTG,5.99359887218632,4.91737745197553
GTGCTT,6.919268504234,5.96408274803622
GTGGAA,6.36300678533646,5.497882731184
GTGGAC,6.89749090929708,6.00147845003153
GTGGAG,6.33455631921968,5.32245222968548
GTGGAT,6.70280093492909,5.8538006948152
GTGGCA,6.65443850390329,5.85715340578507
GTGGCC,6.41464353183352,5.78593491961481
GTGGCG,6.42425838354615,5.68529777182277
GTGGCT,6.44869555802585,5.67649053528015
GTGGGA,6.53700607035598,5.76781328492265
GTGGGC,6.27600124621575,5.55803967934219
GTGGGG,6.08861086248757,5.35101542393829
GTGGGT,6.64579964749016,5.81100402900557
GTGGTA,6.20560280033099,5.45782261808802
GTGGTC,6.37333519722045,5.96755425559531
GTGGTG,6.64220600915378,5.47926620003877
GTGGTT,6.46404265310456,5.83498751803439
GTGTAA,6.88074746889424,5.83108030320273
GTGTAC,6.38501263603121,5.40654664704828
GTGTAG,5.731512502714,4.291461594667
GTGTAT,6.64410065348292,5.69273898686219
GTGTCA,6.52210975707957,5.7978835940175
GTGTCC,6.29184725461,5.57225947954902
GTGTCG,6.28937358469,5.21057036676745
GTGTCT,6.01554198290109,5.35946833937891
GTGTGA,6.11079855583053,5.2768397083688
GTGTGC,6.14034623997765,5.47737284198255
GTGTGG,6.21477387109271,5.06455986469492
GTGTGT,6.10929104418161,5.49502799597242
GTGTTA,6.58752987096,5.6757764220338
GTGTTC,6.72119328480372,5.87782973522397
GTGTTG,6.35076295499457,5.39918600882486
GTGTTT,6.01389621799328,5.45187605392393
GTTAAA,6.6577314165729,5.97660585320811
GTTAAC,6.71474657451752,5.89913439152284
GTTAAG,6.47164503304942,5.65786572091369
GTTAAT,6.7935477459608,6.00299373982273
GTTACA,6.8849207365001,6.00496438837798
GTTACC,6.45932799542385,5.75308828160836
GTTACG,6.43270631004015,5.69583928302493
GTTACT,6.4887012209594,5.52381571034731
GTTAGA,6.81250226444441,5.88823593311748
GTTAGC,7.0023321312846,6.1164999574462
GTTAGG,6.75382126888023,6.00843856299233
GTTAGT,6.73373894904794,5.76853491083968
GTTATA,6.91864342970233,6.090755791719
GTTATC,6.38224347688227,5.59996317102788
GTTATG,6.42000809562656,5.63240941684297
GTTATT,6.65609230741469,5.85346326233141
GTTCAA,6.48815192069,5.73706429881341
GTTCAC,6.1740251547203,5.62131649389209
GTTCAG,6.46798683535733,5.58608907072227
GTTCAT,6.25143957002284,5.60554646594593
GTTCCA,6.33580781093745,5.67684582897871
GTTCCC,6.76523271860256,5.88849018522233
GTTCCG,6.45699056545216,5.65843534772037
GTTCCT,6.6263953318883,5.9052647229866
GTTCGA,6.45159142331329,5.6884127955304
GTTCGC,6.56946213523433,5.56389422552
GTTCGG,6.40747699192822,5.53770560333014
GTTCGT,6.41000523582807,5.56667209623
GTTCTA,6.64364792867649,5.88373684917716
GTTCTC,6.66556468551959,5.73968100979184
GTTCTG,6.68160680341973,5.74426942014054
GTTCTT,6.49610865880185,5.71735758344685
GTTGAA,6.74027688867849,5.89693739199988
GTTGAC,6.58907828411909,5.82467486727325
GTTGAG,6.7439260571875,5.93673709760944
GTTGAT,6.58329800502422,5.83929730327297
GTTGCA,6.42462194689753,5.58674421756714
GTTGCC,6.27904210907828,5.61199163244483
GTTGCG,6.18120973368295,5.5531567244141
GTTGCT,6.86244130237933,5.81979227306244
GTTGGA,6.57570152348686,5.7177175959214
GTTGGC,6.53476807468196,5.69405746224196
GTTGGG,6.62211956536361,5.82275127571375
GTTGGT,6.68007882067362,5.68261861195425
GTTGTA,6.67558703545925,5.77983212595388
GTTGTC,6.67087793573982,5.86585860606107
GTTGTG,6.60358544613643,5.746343758605
GTTGTT,6.38048203583434,5.52265099119264
GTTTAA,6.18227032527844,5.40717155774
GTTTAC,6.7308149735218,5.90846682949148
GTTTAG,5.67854843669333,5.02666066257455
GTTTAT,6.42865318861372,5.76180858859213
GTTTCA,6.70318025882208,5.98534456892462
GTTTCC,6.60873911702047,5.78541433308938
GTTTCG,6.23532968624129,5.66501361865569
GTTTCT,6.31515808638077,5.52540441519212
GTTTGA,6.26068571583787,5.59998711174607
GTTTGC,6.3868491326949,5.38809746815451
GTTTGG,6.59100756679593,5.62975288226576
GTTTGT,6.52333043121478,5.5088259827
GTTTTA,6.45861521155744,5.70764532269488
GTTTTC,6.73783475407286,5.8877169609074
GTTTTG,6.41702968573778,5.68822972398889
GTTTTT,6.72795710751845,5.81238343416983
TAAAAA,6.42030995455318,5.64213650917912
TAAAAC,6.27794638836758,5.47909507480543
TAAAAG,6.07027239111711,5.47999945135187
TAAAAT,6.18108215521563,5.48885473585757
TAAACA,6.56347563145154,5.74120624796795
TAAACC,6.33726065876584,5.61207731211865
TAAACG,6.19514003019841,5.4542713725014
TAAACT,6.2553210444578,5.58622506082534
TAAAGA,6.35556774763327,5.54499026180139
TAAAGC,6.55233749813586,5.67494996600046
TAAAGG,6.22858654248659,5.62132404642674
TAAAGT,6.38010243611239,5.64021740804211
TAAATA,6.27983959813808,5.61615104491064
TAAATC,6.51010564836422,5.78913795395
TAAATG,6.65599174908482,5.7264372437121
TAAATT,6.58838707843,5.76432489183708
TAACAA,6.14732974330517,5.46875796264068
TAACAC,6.26835821752832,5.50951416403896
TAACAG,6.37590772446198,5.55510525879324
TAACAT,6.26634746458565,5.54907596256611
TAACCA,6.1429296135327,5.5209189351307
TAACCC,6.40135203927968,5.51039950463079
TAACCG,5.85949007346658,5.09548481029342
TAACCT,6.24111838062742,5.31679125356032
TAACGA,6.46081828416587,5.6483005201967
TAACGC,6.47818707571523,5.57330232022477
TAACGG,6.08729360113075,5.30024074748272
TAACGT,6.27859908995788,5.5212374457476
TAACTA,6.1974598332678,5.5633354919095
TAACTC,6.54901331098821,5.70525153703746
TAACTG,6.46159786863958,5.62449864820282
TAACTT,6.47630627610222,5.65286487894365
TAAGAA,6.57669833885865,5.7766250367768
TAAGAC,6.34046445515809,5.58053790994989
TAAGAG,6.1987408697421,5.55099050458842
TAAGAT,6.62247030314388,5.8170972080169
TAAGCA,6.17776484863487,5.49100919400854
TAAGCC,6.6831617135304,5.8569522050064
TAAGCG,6.32397228375273,5.59069045616015
TAAGCT,6.13427437733968,5.50945316579903
TAAGGA,6.29871301049569,5.57569426723198
TAAGGC,6.25780558261222,5.55549233519597
TAAGGG,6.31191905976261,5.66485098151612
TAAGGT,6.42751464082914,5.70066802923067
TAAGTA,6.20667735967009,5.44709215487264
TAAGTC,6.44357664908607,5.79924441692673
TAAGTG,6.44974191051265,5.63130559796916
TAAGTT,6.30711531030402,5.54287736914207
TAATAA,6.37373915411806,5.6211780757359
TAATAC,5.92436855981317,5.14740723597683
TAATAG,6.43759296910051,5.54813526279602
TAATAT,5.95446796788306,5.29180764758917
TAATCA,6.29270693040267,5.55814576227083
TAATCC,6.00954964245468,5.41107810876291
TAATCG,6.07698504314589,5.46580364763139
TAATCT,6.26713456518173,5.5561233409836
TAATGA,4.8098537519014,4.32524210072901
TAATGC,4.7605309629259,4.41553548705934
TAATGG,3.4276176832669,2.7055877813218
TAATGT,4.72935279641271,4.35734227865627
TAATTA,6.44361470532398,5.63633328840819
TAATTC,6.62533576799625,5.75332419254286
TAATTG,6.34225978337849,5.50133824292808
TAATTT,6.55036143981113,5.57192608777887
TACAAA,6.7560439913523,5.99439764265568
TACAAC,6.80566569831368,6.10961627831674
TACAAG,6.99427188338152,6.05769571516205
TACAAT,6.66421621986223,5.88656422193058
TACACA,6.86475528572065,6.04410266034577
TACACC,6.77607875464585,5.93250831567439
TACACG,6.66341893836081,5.85495289452716
TACACT,6.69663814539274,5.91105225858871
TACAGA,6.70640617410731,5.92364361762194
TACAGC,6.6296957002137,5.75876152570609
TACAGG,6.53166018071074,5.85796510242713
TACAGT,6.508281123154,5.86112873818072
TACATA,6.69200884211067,5.8373036733659
TACATC,6.52157190198296,5.76448524088922
TACATG,7.00321722635523,6.02458593060338
TACATT,6.56537347469849,5.79212054181426
TACCAA,6.38027392212059,5.67338000491129
TACCAC,6.71024446886391,5.988677518868
TACCAG,6.73068103077386,5.84086664303614
TACCAT,6.58325374550186,5.68606038750814
TACCCA,6.68909069515657,5.95492581672224
TACCCC,6.79989007680762,5.97158304987571
TACCCG,6.70432297967172,5.79821729191266
TACCCT,7.06115724067704,6.11582247633704
TACCGA,6.5512881679366,5.66223591424574
TACCGC,6.04544597970088,5.32605240769706
TACCGG,6.36060953261975,5.38101126893612
TACCGT,6.81829959636854,5.85932498068104
TACCTA,6.89349621372597,5.91528015763909
TACCTC,6.4772317855208,5.8076714790062
TACCTG,6.30099250366457,5.38545246091829
TACCTT,6.69268209259438,5.85122092224938
TACGAA,6.57814232887686,5.81552945975042
TACGAC,6.47987751949604,5.68585761506323
TACGAG,6.61409464683663,5.88195094400349
TACGAT,6.70301878264892,6.06511162161149
TACGCA,6.2095077564359,5.50791540193672
TACGCC,5.69603310415269,4.92616947345615
TACGCG,6.63978867719143,5.92005485023048
TACGCT,7.02829928382947,6.05972757349842
TACGGA,6.54151087468416,5.79421314741695
TACGGC,6.94343984594176,5.82636458093059
TACGGG,6.16707789652195,5.56981254665753
TACGGT,6.82197597032386,5.74660518764796
TACGTA,6.74287220499298,5.8243034663881
TACGTC,6.61724269865235,5.92118582854569
TACGTG,6.43948538176357,5.57303901698614
TACGTT,6.96942969718291,6.10249208037509
TACTAA,6.54530314266706,5.78144246847306
TACTAC,6.68628666963552,5.80115179879552
TACTAG,6.08188533206531,5.481426259695
TACTAT,6.31104054220529,5.58973226353529
TACTCA,6.58932751568761,5.74977198792875
TACTCC,6.41146382178511,5.73745867566244
TACTCG,6.57008763392975,5.6972026937075
TACTCT,6.57779325482951,5.80836134102829
TACTGA,5.98377970108172,5.22086885686359
TACTGC,6.73632465565033,5.73741465016833
TACTGG,6.40660528282158,5.51932807612525
TACTGT,6.82926263267698,5.87420424595512
TACTTA,6.55982310893841,5.75519398402364
TACTTC,6.63541116428889,5.87544313562933
TACTTG,6.66654315475783,5.76605060767239
TACTTT,6.51577686863472,5.6555337606351
TAGAAA,6.50059497474779,5.76109706878244
TAGAAC,6.20718206497246,5.60787670726439
TAGAAG,6.30561984310632,5.57166814021472
TAGAAT,6.01785325769714,5.36791694920188
TAGACA,6.14422995184374,5.43903257095591
TAGACC,6.30483591287329,5.73546894981871
TAGACG,6.81481056019381,5.98708058503603
TAGACT,6.58821493653105,5.82956856799632
TAGAGA,6.38629787738339,5.64964544978787
TAGAGC,6.51004987741933,5.78788798698733
TAGAGG,6.05530513550644,5.44981310478391
TAGAGT,6.38604236950538,5.6780623111865
TAGATA,6.34131576467967,5.56674905114779
TAGATC,6.61754877258524,5.73866280091746
TAGATG,6.57422559128451,5.61820726145761
TAGATT,6.61769913508212,5.95074383984365
TAGCAA,6.31071573173685,5.50416955033843
TAGCAC,6.16951568534556,5.43037991188254
TAGCAG,6.22534429476542,4.93560231580136
TAGCAT,6.31946494168169,5.38213615476631
TAGCCA,6.35540498913042,5.34321433863646
TAGCCC,4.97421682987412,4.53966344214
TAGCCG,5.55812423629579,4.50342034329053
TAGCCT,5.78472367698437,5.17794043701438
TAGCGA,5.84314157065753,5.13471785731104
TAGCGC,5.77979256203175,4.93646663020325
TAGCGG,5.81450538770099,4.88260288741815
TAGCGT,6.11197332769941,5.23953953690235
TAGCTA,6.51973690446875,5.52320222722181
TAGCTC,6.40544638063,5.48734949396255
TAGCTG,6.31881192338757,5.46085400030865
TAGCTT,6.33772317588087,5.35076157840435
TAGGAA,6.34481151749166,5.5824033621272
TAGGAC,6.2499103382188,5.44127677895163
TAGGAG,6.27414691964045,5.51655354173629
TAGGAT,6.54373825890412,5.71852306759807
TAGGCA,6.36230276291124,5.72337048532021
TAGGCC,6.13923866772974,5.54017288274526
TAGGCG,6.26562660785424,5.61396925515995
TAGGCT,6.39570139013822,5.54685762832044
TAGGGA,6.1051441341693,5.5538729939729
TAGGGC,5.47145443549895,4.81391506742013
TAGGGG,6.20215784477031,5.69672523802505
TAGGGT,5.88043479623253,5.26667961980851
TAGGTA,6.43711520116702,5.62292148608115
TAGGTC,6.48917607299526,5.87819262342447
TAGGTG,6.32943322300943,5.65208292394743
TAGGTT,6.22994397106589,5.46314486712918
TAGTAA,6.18884114004778,5.49647392797491
TAGTAC,6.06446355340854,5.30100857067729
TAGTAG,6.25131140041859,5.28722993880296
TAGTAT,6.08939521780583,5.242484116301
TAGTCA,5.81136385804048,5.17747471641333
TAGTCC,6.42481971765474,5.52717296944684
TAGTCG,5.86775085647569,5.02012324638369
TAGTCT,6.12509367756739,5.49023585014109
TAGTGA,6.02913953780089,5.26819298768878
TAGTGC,5.89131264909804,4.93663613470451
TAGTGG,5.9265860460105,5.06541232180283
TAGTGT,5.822028589339,5.17780483032633
TAGTTA,6.34555404634155,5.45649524076321
TAGTTC,6.34827772434421,5.49798221610719
TAGTTG,6.29438798779804,5.36441346118036
TAGTTT,6.22034781279358,5.31559744398536
TATAAA,6.84190652931881,6.02488115697849
TATAAC,7.01511493197485,6.11769541731535
TATAAG,6.90293984835782,6.0292731693204
TATAAT,6.93513604198248,6.16300582955771
TATACA,6.73458501164762,5.95139948613438
TATACC,6.60570019152925,5.83217267920125
TATACG,6.5674004038458,5.6888534386322
TATACT,6.34453588238552,5.64769129956
TATAGA,6.78342569167977,5.90848251389698
TATAGC,6.6092562797432,5.6085334850052
TATAGG,6.66972740915427,5.8750342064199
TATAGT,6.97696045760134,6.02904536258418
TATATA,6.75494345157946,5.86862402649966
TATATC,6.78755770861571,6.07866295471186
TATATG,6.89061922858246,5.97390800942062
TATATT,6.89180555469912,6.11725987997526
TATCAA,6.76432392558592,6.01775997184235
TATCAC,6.51770934479227,5.82194331730948
TATCAG,6.32093087689011,5.65789322350795
TATCAT,6.53741977983282,5.75010108622859
TATCCA,6.77439295320543,5.8806923662342
TATCCC,6.87919644379773,5.96549823363977
TATCCG,6.84966505870042,5.82841235518292
TATCCT,6.57958745498342,5.72247877001132
TATCGA,6.83462758739442,5.89398509781664
TATCGC,6.54580973832719,5.65103753785469
TATCGG,6.51596291552388,5.68941705955284
TATCGT,6.333891271694,5.31242575493857
TATCTA,6.88980896383687,5.98375307093375
TATCTC,6.6372311085751,5.92773508698939
TATCTG,6.42071228408893,5.70309659837125
TATCTT,6.7882902060951,5.78585448934472
TATGAA,6.19889287995698,5.54445014092174
TATGAC,6.0786434439057,5.58901813550556
TATGAG,6.49033529574613,5.63878122278694
TATGAT,6.17420767201824,5.70289618599971
TATGCA,6.17432606948424,5.68094388777273
TATGCC,5.91816467930929,5.41626284546607
TATGCG,6.21458236568167,5.50044231778896
TATGCT,6.31047578688605,5.51526532342605
TATGGA,5.55411159899325,4.99412862445024
TATGGC,5.17913743312232,4.59435999345493
TATGGG,5.38680887253735,5.1150287578946
TATGGT,5.72391232956906,5.2334011043675
TATGTA,6.09139109376875,5.101534165824
TATGTC,6.25616112141654,5.63815193070865
TATGTG,5.74156834899015,4.80079174843224
TATGTT,6.05110595713642,5.43654338114981
TATTAA,6.36756182332844,5.56365634497798
TATTAC,6.68962393458036,5.87578134427964
TATTAG,6.61583027914909,5.73366142833208
TATTAT,6.71958711022746,5.78249610216403
TATTCA,6.49731326937448,5.67731039280416
TATTCC,6.45295307402521,5.60673286208979
TATTCG,6.83918362593632,5.94939772247921
TATTCT,6.57522569585235,5.76506982884745
TATTGA,6.10990830115449,5.41957335277731
TATTGC,6.29652831922848,5.51119625286087
TATTGG,6.29804702710714,5.59223610242614
TATTGT,6.33661752596316,5.57370073120908
TATTTA,6.80164393703611,5.86222736142347
TATTTC,6.6038487302653,5.87465578786803
TATTTG,6.47154051916321,5.71912032699589
TATTTT,6.261411051266,5.5415980811672
TCAAAA,6.7106312758603,5.9351681153868
TCAAAC,6.47151514082098,5.84732349425413
TCAAAG,6.73006724645196,5.96268333272971
TCAAAT,6.82298979256311,6.02967377541244
TCAACA,6.73292091259967,5.91532735484558
TCAACC,6.54879062717052,5.89900558823416
TCAACG,6.58857800518604,5.84035026124646
TCAACT,6.60924791842815,5.93855138788235
TCAAGA,6.84597202481066,5.90031503987727
TCAAGC,6.62966686573892,5.82479483505343
TCAAGG,6.43077201326277,5.68985839739857
TCAAGT,6.74520367527236,5.88024102244573
TCAATA,6.5345000771155,5.78240460145945
TCAATC,6.87285001662856,6.16442116085217
TCAATG,6.82347583349836,5.97952789845164
TCAATT,7.02608966772703,6.24870118999946
TCACAA,6.83650956322286,6.01421351123889
TCACAC,6.49184610210793,5.73395592765988
TCACAG,6.64727386523752,5.99687295563862
TCACAT,6.92489850551489,6.0625264543688
TCACCA,6.68101955784141,6.04301604937682
TCACCC,7.03970974155489,6.15356548120733
TCACCG,6.0405420081525,5.21750414716732
TCACCT,6.79355674711625,5.84731579073521
TCACGA,6.69213978001929,5.95592890506717
TCACGC,6.4665895432942,5.663319007747
TCACGG,6.22737137343143,5.72881642157182
TCACGT,6.37826084052329,5.66571234607709
TCACTA,7.03604229571836,6.10583283712597
TCACTC,6.74101803690171,5.999838989308
TCACTG,6.7361906601835,5.96472241048417
TCACTT,6.4051098343375,5.76755561155268
TCAGAA,6.49948227325071,5.8128646510983
TCAGAC,6.90873410550697,6.08700982142337
TCAGAG,6.68281946399465,5.7894152576638
TCAGAT,6.64089309977942,5.80777411629667
TCAGCA,6.89538990103396,5.99759656656077
TCAGCC,5.9168365591781,5.18161456410476
TCAGCG,6.30503315261432,5.73191800001932
TCAGCT,6.38452968020889,5.83523562295556
TCAGGA,6.53327901168839,5.76487378608098
TCAGGC,6.3801130739542,5.6292233667088
TCAGGG,6.80287201561609,6.26952151119283
TCAGGT,6.15396886455278,5.65462964126835
TCAGTA,6.84297899133947,5.843114415592
TCAGTC,6.84685735359696,6.05901711748594
TCAGTG,6.7851868131665,5.84374747643833
TCAGTT,6.23472958243508,5.55547803450206
TCATAA,6.1807786142958,5.4975233636955
TCATAC,6.41756733126254,5.49365662769683
TCATAG,6.19333116667395,5.50672438100197
TCATAT,6.76747928797227,5.78659709496227
TCATCA,6.66202207367193,5.97564806763239
TCATCC,6.43377109400167,5.78872939521576
TCATCG,6.5811217192858,5.86238245861014
TCATCT,6.68918576801932,5.98308527642881
TCATGA,4.73673886062085,4.25624795273423
TCATGC,5.03662707124907,4.47918481869204
TCATGG,3.76627058257424,3.03387224303476
TCATGT,4.9618664687522,4.68748142564491
TCATTA,6.7830438428362,5.80649613674886
TCATTC,6.70515048016237,5.84298859820627
TCATTG,6.80204802832893,5.77017542084102
TCATTT,6.59035684137017,5.8161604035085
TCCAAA,6.93624553026116,6.08567030681429
TCCAAC,6.77675197193885,5.9861199960041
TCCAAG,6.46181076892459,5.84334368114016
TCCAAT,6.44622346470393,5.76103046693964
TCCACA,6.39792395055283,5.76032655063685
TCCACC,6.53267955544315,5.72185807557067
TCCACG,6.29110185617694,5.59619733557177
TCCACT,7.15635691782062,6.32534027738844
TCCAGA,6.80041910362825,5.99047987019905
TCCAGC,6.05174260583378,5.64919394468568
TCCAGG,6.50827289502048,5.71699309219778
TCCAGT,6.939932374435,6.04481886579222
TCCATA,6.65924410716067,5.849113297484
TCCATC,6.24633087039794,5.54350096428118
TCCATG,6.95799132626771,6.08193787200286
TCCATT,6.719054120329,6.04800671712275
TCCCAA,6.72235734263721,5.85502888247423
TCCCAC,6.99808454979879,6.14838385360909
TCCCAG,6.188486986019,5.3983377066135
TCCCAT,6.52149265523676,5.65597831607405
TCCCCA,6.20075986336333,5.48157966599606
TCCCCC,6.66260005152074,5.83979363426815
TCCCCG,6.16207185720135,5.39726740831081
TCCCCT,6.49675409165,5.94207866114261
TCCCGA,6.64351296885326,5.77469009051837
TCCCGC,6.3990807376368,5.5085835504092
TCCCGG,5.78734071839523,5.18572145682795
TCCCGT,6.33445078619444,5.55883309819444
TCCCTA,6.47752910432618,5.47939312407735
TCCCTC,6.16351373357333,5.52180487117267
TCCCTG,7.00227482761533,6.175905124512
TCCCTT,6.13218850358667,5.35581195428167
TCCGAA,6.60267971370048,5.80406571295345
TCCGAC,7.07503345202918,6.23174143822102
TCCGAG,6.75722812451265,5.99346359999939
TCCGAT,6.59211789622527,5.896090261054
TCCGCA,6.41093683567237,5.61366683682697
TCCGCC,6.272274284355,5.57058893104167
TCCGCG,6.68621915006,5.93486164307485
TCCGCT,6.89266482274114,6.09054374201143
TCCGGA,6.68854536505511,5.69381600370378
TCCGGC,6.6849789006977,5.67544452345869
TCCGGG,6.41512819302493,5.59935038740986
TCCGGT,6.83497412881889,5.75873952102375
TCCGTA,6.55846303840015,5.80319994297227
TCCGTC,6.26493081688105,5.49128986334421
TCCGTG,6.39685483667955,5.459367979405
TCCGTT,6.66122077043468,5.83055074352468
TCCTAA,6.26210200440642,5.50650414378746
TCCTAC,6.7944092744184,5.8137270570786
TCCTAG,5.97988014394225,5.32857723912094
TCCTAT,6.54515176914913,5.56464256620217
TCCTCA,6.92434138059581,5.98608632314903
TCCTCC,6.03548614189409,5.15253214785386
TCCTCG,6.66837669646067,5.75422378777933
TCCTCT,6.45269318329565,5.69309455556
TCCTGA,6.46039698572286,5.64606083645714
TCCTGC,5.90569989378576,5.49865098155182
TCCTGG,6.12191903691205,5.39583808064091
TCCTGT,6.54232512194,5.63652013015367
TCCTTA,6.36258521481146,5.60804450918042
TCCTTC,6.95713713588026,5.9718579885718
TCCTTG,6.732976421745,5.77574722786813
TCCTTT,6.62376094469342,5.8035410171879
TCGAAA,6.87185758054323,6.12860993148726
TCGAAC,6.55950802690693,5.8356681146833
TCGAAG,6.90785526455513,6.12350743705145
TCGAAT,6.77339984782713,5.9678800889746
TCGACA,6.33388863136957,5.83774217658614
TCGACC,6.31537191619036,5.76640576352982
TCGACG,6.38935862208971,5.58990522069686
TCGACT,6.78472895494239,6.0528891472213
TCGAGA,6.76440142032265,6.01842123551255
TCGAGC,6.99372695160395,6.11274642207395
TCGAGG,6.28116603310754,5.66652148029292
TCGAGT,6.73299115139408,5.94080393795155
TCGATA,6.64115275149957,5.82103174383337
TCGATC,6.33988842093806,5.59994222724113
TCGATG,6.7067043623151,5.95215717641245
TCGATT,6.7699412629575,5.82976231878292
TCGCAA,6.90934477505844,6.02323415949805
TCGCAC,6.30416171364171,5.35255804389756
TCGCAG,6.24269435885122,4.92747220658878
TCGCAT,7.19088873821423,6.13186302356077
TCGCCA,6.15569499594471,5.33521126831176
TCGCCC,4.85250781900857,4.13470453443714
TCGCCG,5.39904061450333,4.83195038807667
TCGCCT,7.39238506201625,6.3108267012775
TCGCGA,6.59880593209672,5.66978090647541
TCGCGC,6.505019531055,5.58449830879941
TCGCGG,6.00999111339962,5.25966671613113
TCGCGT,6.52339123828432,5.69297868863773
TCGCTA,6.83904304510489,5.94873478573267
TCGCTC,6.32849889619719,5.379493457085
TCGCTG,6.45352306174962,5.43420642923808
TCGCTT,6.08752505112731,5.207505191175
TCGGAA,6.86563006966089,6.06294619757323
TCGGAC,6.444181877595,5.56069836752929
TCGGAG,6.62199912371,5.689139106533
TCGGAT,6.92125884440945,6.03877909482068
TCGGCA,6.57175091892929,5.74561473087687
TCGGCC,6.35810890512464,5.88621910889893
TCGGCG,6.0379300782206,5.43928861777638
TCGGCT,6.55728951638024,5.68025752731317
TCGGGA,6.50418689563565,5.75812166255652
TCGGGC,6.08530559962375,5.3830112174314
TCGGGG,6.337651709688,5.913953167437
TCGGGT,6.46720161021315,5.58857872414456
TCGGTA,6.60697303175202,5.66315528131192
TCGGTC,6.92573415427969,6.14856945185141
TCGGTG,6.48461942498636,5.50428136768927
TCGGTT,6.62843713061212,5.90065058559038
TCGTAA,6.16389356879225,5.47718663097038
TCGTAC,6.56581736622831,5.76008354342859
TCGTAG,6.3387789202921,5.31910788298
TCGTAT,6.4390843076474,5.5522108795732
TCGTCA,6.74923085754833,5.79043541841556
TCGTCC,6.58378437665513,5.79585010764205
TCGTCG,6.34740490452356,5.48166282344978
TCGTCT,6.81532117324818,5.77976949197121
TCGTGA,5.5755388218832,4.96411377291905
TCGTGC,6.34064021639122,5.3957729195778
TCGTGG,6.28565037029269,5.34291910926558
TCGTGT,6.14390151503159,5.36729897309955
TCGTTA,6.94863510069554,5.94350355327393
TCGTTC,6.65201528246694,5.99741633399898
TCGTTG,6.57058812352791,5.40730369982302
TCGTTT,6.04779826519917,5.44328724743646
TCTAAA,6.965405479399,6.0670776475691
TCTAAC,7.13562189593068,6.2611071642624
TCTAAG,6.61287040004183,5.75385289580873
TCTAAT,6.87597804538566,6.12750738067118
TCTACA,6.61818750273892,5.95544032850189
TCTACC,6.75918266964098,5.9536507971622
TCTACG,6.90891634975708,6.00602572123563
TCTACT,7.22630306865074,6.35251087708704
TCTAGA,6.77693373841158,5.88452620544305
TCTAGC,6.848617862356,6.1087412474355
TCTAGG,6.62533047607986,5.84087003008
TCTAGT,7.046604646958,6.02523925697333
TCTATA,6.65326166164561,5.82896596571105
TCTATC,6.5802081830746,5.744474047283
TCTATG,6.48973694091867,5.69059939417833
TCTATT,6.78451066557571,5.92364647275469
TCTCAA,6.80087766834791,6.08644417013714
TCTCAC,6.59370435882676,5.85224466723588
TCTCAG,6.66621023263204,6.01177770845926
TCTCAT,6.41150489560914,5.68640442017603
TCTCCA,6.52392775639764,5.72449262897018
TCTCCC,6.83574422075171,5.93055779040686
TCTCCG,6.72522833402579,5.96004480872158
TCTCCT,6.81037685981545,5.87341860178023
TCTCGA,6.75964058414138,5.89732866768108
TCTCGC,6.23232214342259,5.4043235359537
TCTCGG,6.73155628691822,5.71881016342978
TCTCGT,6.92429056862794,5.79298505148176
TCTCTA,6.7212598214928,5.7322990433382
TCTCTC,6.72139623962976,5.75908921075952
TCTCTG,6.57558819221314,5.65449503577
TCTCTT,6.54510575906778,5.67725544422333
TCTGAA,6.80615149067532,5.94747679099169
TCTGAC,6.68296572800887,5.99201191815019
TCTGAG,6.85479927036291,6.25115030081055
TCTGAT,7.11131094286119,6.21184107931695
TCTGCA,6.51323532277866,5.68385115462463
TCTGCC,6.52390686532444,5.69574618262593
TCTGCG,6.77237700150755,5.99955114420163
TCTGCT,6.07135830026921,5.30169059493105
TCTGGA,6.90797666854797,6.06362926364365
TCTGGC,6.19414781413241,5.31399736970556
TCTGGG,6.09232968601468,5.47094296282723
TCTGGT,6.76064170153116,5.91751673472372
TCTGTA,7.31554030182741,6.33682874614833
TCTGTC,6.7685078941746,5.7628230169108
TCTGTG,6.75232160520283,6.06066958598435
TCTGTT,6.82335516738525,6.10652316496695
TCTTAA,6.25449427651742,5.68621336610258
TCTTAC,6.7270773428463,5.8559813983
TCTTAG,6.58282622647033,5.74006714281426
TCTTAT,6.45497923263262,5.68853044023381
TCTTCA,6.55061763263086,5.79090542106814
TCTTCC,6.40854363592606,5.59828807008242
TCTTCG,6.20485696504849,5.71023819976485
TCTTCT,6.7305925335878,5.937703357639
TCTTGA,6.44213922768559,5.61394993132068
TCTTGC,6.31263840740456,5.50626610601413
TCTTGG,6.72904620262851,5.84657775670128
TCTTGT,6.28024756971512,5.48795015354707
TCTTTA,6.6175368888344,5.7503960102126
TCTTTC,6.38020512812022,5.48685572578311
TCTTTG,6.18577208932368,5.41005016089105
TCTTTT,6.633750681685,5.98758989796286
TGAAAA,6.20915083893822,5.55341431500128
TGAAAC,5.82987775343916,5.26577316509992
TGAAAG,6.0138611431225,5.11265886359719
TGAAAT,6.24070602687322,5.47448827768182
TGAACA,6.07276121221074,5.36320899338488
TGAACC,5.96290837822833,5.37314368972042
TGAACG,5.9014308070721,5.17766101814066
TGAACT,6.008273830392,5.3585001852045
TGAAGA,6.10715192182421,5.37167816236246
TGAAGC,5.68557894106525,5.0106145630605
TGAAGG,5.92002049940895,5.2642332627014
TGAAGT,5.8955616049311,5.31066637899451
TGAATA,5.96771467760008,5.32634846713217
TGAATC,6.00547874303112,5.42844990879981
TGAATG,6.19342665543101,5.45713577946532
TGAATT,6.1906740883725,5.59232460772694
TGACAA,6.08088222162853,5.4214744975606
TGACAC,6.05976927215359,5.36159054808833
TGACAG,5.85874867112162,5.0273017383625
TGACAT,5.86108568392683,5.17078094987378
TGACCA,6.37563338085507,5.67169010605507
TGACCC,5.35930675257103,4.98510833058586
TGACCG,5.9137311561684,5.082249909558
TGACCT,5.94317894184154,5.2025096286014
TGACGA,6.0330914767582,5.35257098277722
TGACGC,5.29563062925486,4.65804259607914
TGACGG,5.74489376777281,4.95621268357888
TGACGT,5.71912248021867,5.03687514736667
TGACTA,6.16249064412579,5.33000178915417
TGACTC,5.68784933591237,5.07656966390763
TGACTG,6.37881567225958,5.47523200730521
TGACTT,5.75666374434962,5.25207681271692
TGAGAA,6.43238033859992,5.63796060836336
TGAGAC,6.17061891075869,5.49902344550525
TGAGAG,5.96923860008217,5.43897567352362
TGAGAT,6.08195079109107,5.4738712492256
TGAGCA,5.68825111491956,5.12251463806444
TGAGCC,6.84490739983636,6.28534046566364
TGAGCG,5.72987253802233,5.25555680755767
TGAGCT,7.05586729303875,6.24902144467417
TGAGGA,5.90068636298518,5.21300641593611
TGAGGC,5.91133198691702,5.24899545857053
TGAGGG,5.803663003412,5.28065137852625
TGAGGT,5.87399214003406,5.25460115289942
TGAGTA,5.89104887700566,5.16584839799803
TGAGTC,6.02705796956508,5.3582965042282
TGAGTG,5.8916420605027,5.23648871271825
TGAGTT,5.94529571632031,5.26275376487908
TGATAA,5.93188768604085,5.18643565630504
TGATAC,5.72221261989395,5.07922401473824
TGATAG,5.84342166639113,5.14437439145099
TGATAT,6.05890887181753,5.16202116585281
TGATCA,6.39626720390526,5.73418755629684
TGATCC,6.0769224014698,5.29471232511673
TGATCG,5.92003794018696,5.27180666783783
TGATCT,5.70217694626571,5.17011130964064
TGATGA,4.71708459633494,4.33904683287785
TGATGC,4.83211707194435,4.36438686517304
TGATGG,3.39433408235055,2.84207214129726
TGATGT,4.60954108623371,4.25718385861081
TGATTA,6.09963018581826,5.27216765667014
TGATTC,5.792170602175,5.19354870756038
TGATTG,5.87286084820565,5.15374939284081
TGATTT,5.89508408559115,5.21358511959615
TGCAAA,6.18579473097511,5.52805457370504
TGCAAC,6.13226675569244,5.62986223745026
TGCAAG,6.60238522907596,5.50832347854287
TGCAAT,6.27191342044539,5.60621630049884
TGCACA,6.34943942125407,5.65405196897698
TGCACC,6.43201700063429,5.59332027400671
TGCACG,6.162762310273,5.3663188595136
TGCACT,6.67209551143089,5.83108553501889
TGCAGA,6.01553063372432,5.05635503115889
TGCAGC,6.38786244654122,5.40566255764614
TGCAGG,6.35142662257926,5.40108588914221
TGCAGT,6.28701783265676,5.35829579196346
TGCATA,6.41877311845529,5.64758649269059
TGCATC,6.21972460208312,5.39277027289885
TGCATG,5.94114997136346,5.03459738452346
TGCATT,6.46233867654722,5.76885717032407
TGCCAA,6.499788534254,5.81766527091157
TGCCAC,6.18974646104021,5.41567189678792
TGCCAG,6.0483295597822,5.07553495989763
TGCCAT,6.06902383584692,5.37409045620692
TGCCCA,6.01215686852694,4.78554009936839
TGCCCC,5.020520125055,4.19800502018125
TGCCCG,6.067969468876,5.39112562698
TGCCCT,6.06809825216313,5.42197370582687
TGCCGA,6.29984651932424,5.29674052922545
TGCCGC,5.88560672283333,4.98953759260205
TGCCGG,5.451119864335,4.17285947562865
TGCCGT,6.33389348525947,5.45487643039053
TGCCTA,6.10489920865465,5.33813001700884
TGCCTC,6.80248879066235,5.93059219232823
TGCCTG,6.80104000927867,5.95814574874033
TGCCTT,6.40883966002263,5.50335685562105
TGCGAA,6.40921067663347,5.69157172569887
TGCGAC,6.56660329206927,5.61190691061727
TGCGAG,6.3817932058802,5.73401775535881
TGCGAT,6.24550749484889,5.59513036598889
TGCGCA,6.5613701724631,5.81161630018592
TGCGCC,6.6876552980485,5.928205650674
TGCGCG,6.25530912717205,5.38133353254727
TGCGCT,6.29663541645607,5.86720320814714
TGCGGA,6.37281448927675,5.50954612446133
TGCGGC,5.98275626708567,5.23227865013373
TGCGGG,6.08600697529607,5.27526134821238
TGCGGT,6.07407295444698,5.41213704767905
TGCGTA,6.12971255035972,5.52629290101292
TGCGTC,6.42036798293925,5.61723414790094
TGCGTG,6.18549227824455,5.32554876368409
TGCGTT,6.60443699821392,5.85400747396
TGCTAA,6.13417599663267,5.5823773896824
TGCTAC,6.17067782552353,5.54210198812804
TGCTAG,5.76609147454328,4.88942385630776
TGCTAT,6.35922479846409,5.47807351036
TGCTCA,5.93011449130837,5.39964125891338
TGCTCC,5.73544442915194,5.24664618723419
TGCTCG,6.66111646147128,5.76109427794359
TGCTCT,6.04504524659167,5.26605815075433
TGCTGA,5.75120160918745,5.04850518752982
TGCTGC,5.83708507408784,5.00331399249946
TGCTGG,5.87124603820659,5.05341200357798
TGCTGT,6.28006862431759,5.25784167755034
TGCTTA,5.98779449791784,5.29086653743378
TGCTTC,6.4544696060888,5.5764709730492
TGCTTG,6.67148015911286,5.43277574136119
TGCTTT,6.08694099698159,5.44338862452386
TGGAAA,6.26046903162994,5.53424796542664
TGGAAC,6.23979123688907,5.63518128702654
TGGAAG,6.4119724601975,5.5999623412912
TGGAAT,6.69472713820091,5.74962812191354
TGGACA,5.96118892951411,5.36171286183509
TGGACC,6.60568061601985,5.91973181748582
TGGACG,6.07815368715149,5.39893597915866
TGGACT,5.60724404385936,5.11019143521841
TGGAGA,6.20732599431611,5.49702904874759
TGGAGC,5.80475949341452,5.32438926710071
TGGAGG,6.27787394995386,5.61039110420232
TGGAGT,5.86321881068652,5.1544180062087
TGGATA,6.38319208107,5.5678098885051
TGGATC,6.51400178963043,5.95424285218757
TGGATG,5.7729451541525,5.0864594169404
TGGATT,6.52616117293286,5.76540730470984
TGGCAA,6.07457968646184,5.33259003515956
TGGCAC,6.00901490061427,5.41401397380549
TGGCAG,5.7743118433169,4.80833480266732
TGGCAT,5.82185905662,5.20888761616091
TGGCCA,6.30391320455396,5.51896721145925
TGGCCC,6.0541169870163,5.48232752509593
TGGCCG,5.63620359913932,4.85434976519432
TGGCCT,6.50645145328667,5.49909477767833
TGGCGA,6.093003191257,5.45939889205988
TGGCGC,5.75150589769611,5.07896116958468
TGGCGG,5.42338942526066,4.91241601406951
TGGCGT,5.71344957378692,5.05613703934865
TGGCTA,6.06165030120642,5.27689691001448
TGGCTC,6.16520787612737,5.39899839281807
TGGCTG,5.89107117165867,5.12200724166111
TGGCTT,6.0027181677712,5.31057080748216
TGGGAA,6.13131792329248,5.48263947764297
TGGGAC,6.3013145584703,5.67284882637646
TGGGAG,6.30477619096377,5.55668666943089
TGGGAT,6.13771834482912,5.42617539003
TGGGCA,5.86937101966806,5.2848836927534
TGGGCC,6.27100620653591,5.55206344363159
TGGGCG,5.9018744446134,5.13247821451924
TGGGCT,6.64713172898063,6.0516913124
TGGGGA,6.449336059486,5.52965557030611
TGGGGC,5.75417114841154,5.13480318241846
TGGGGG,6.12203012269087,5.46458522326212
TGGGGT,5.93511589245116,5.24660748683522
TGGGTA,6.06862100749704,5.4023708109335
TGGGTC,6.53951333650484,5.89189043221419
TGGGTG,6.25037337730116,5.33573302098986
TGGGTT,5.86157245769625,5.52783742097583
TGGTAA,5.91423095204853,5.28632599007829
TGGTAC,6.33212474959678,5.38358288666085
TGGTAG,6.04951450037423,5.36511870785986
TGGTAT,6.1650931240965,5.15842420943983
TGGTCA,6.30309013854316,5.54989893750582
TGGTCC,6.30617983583356,5.60543376052844
TGGTCG,6.13971834448714,5.43985141449911
TGGTCT,6.15207794007368,5.64302737557175
TGGTGA,5.75145236493053,5.03416568118276
TGGTGC,5.62841997788135,4.66991752428635
TGGTGG,5.40802620917946,4.67307922538568
TGGTGT,5.75063505307314,4.86554537958784
TGGTTA,6.34461273339342,5.3894513962179
TGGTTC,5.87741930279286,5.340894517025
TGGTTG,5.65428985428191,4.94560495431277
TGGTTT,5.53810150124635,5.04823020291703
TGTAAA,6.43234613583377,5.53806963251397
TGTAAC,6.44502578161014,5.65408687655662
TGTAAG,6.20024471069345,5.29497829960929
TGTAAT,6.68765409900256,5.87941977330513
TGTACA,6.35748136312387,5.59434045601011
TGTACC,5.90794925996184,5.36493006708633
TGTACG,6.33564831764581,5.43347833557177
TGTACT,5.93161230834937,5.27686566096583
TGTAGA,6.23982584651467,5.46434654015533
TGTAGC,6.45371487264822,5.39247213580756
TGTAGG,6.40176137556311,5.44164441734772
TGTAGT,6.3974658382125,5.58588102019667
TGTATA,6.49248013323806,5.70135974242215
TGTATC,6.3172439107446,5.58270854052825
TGTATG,6.42976790444893,5.42118735052571
TGTATT,6.35413222478953,5.45147700278395
TGTCAA,6.22972763881532,5.64197696924642
TGTCAC,5.94151791566446,5.24592617793892
TGTCAG,6.17689783381965,5.16562984631018
TGTCAT,6.07201381911707,5.31175895511627
TGTCCA,6.0431801618586,5.3814732117356
TGTCCC,6.05010973893057,5.50884960636371
TGTCCG,6.10816738455541,5.3161316985823
TGTCCT,6.40265929677472,5.62021173640111
TGTCGA,5.56036404588778,4.80801975590178
TGTCGC,5.92005623977053,5.25848593640684
TGTCGG,5.88228264575217,4.84961953855536
TGTCGT,5.84190083871587,5.12647481735714
TGTCTA,6.39589254032654,5.57165533555064
TGTCTC,6.09018463771574,5.33581028784
TGTCTG,6.28248536701353,5.62322334985882
TGTCTT,6.22545106502755,5.60170255784837
TGTGAA,6.48866909000287,5.68017953719475
TGTGAC,6.43513567844,5.46525345973873
TGTGAG,6.29603533839424,5.21864655485136
TGTGAT,6.77535267373938,5.7390725733675
TGTGCA,6.28224089501476,5.56215105799429
TGTGCC,6.39062258598379,5.79166193735862
TGTGCG,5.75857536399773,5.02954570651886
TGTGCT,6.19442117432712,5.40543142062197
TGTGGA,6.18613248102517,5.4582396200669
TGTGGC,5.97317793602063,5.05189654688771
TGTGGG,5.81763746195822,4.92229502327111
TGTGGT,6.31792301273523,5.37977119493604
TGTGTA,6.65732493265702,5.76602664199737
TGTGTC,6.64717095428784,5.86305345494667
TGTGTG,6.2569556572,5.58776460954442
TGTGTT,6.12971849086712,5.27071218113231
TGTTAA,5.98209784012303,5.38023378843
TGTTAC,5.82176319864016,5.25225571279333
TGTTAG,5.92333890989592,5.00089833881449
TGTTAT,5.74695752281565,5.19871356481
TGTTCA,6.13693964163692,5.58126339874782
TGTTCC,6.01066823736227,5.19037989242886
TGTTCG,6.25484469344745,5.4475649517003
TGTTCT,6.27108999961395,5.52520190809163
TGTTGA,5.98509037239896,5.33293066119937
TGTTGC,5.52487960990944,4.79365437049407
TGTTGG,6.31338914358128,5.16000270911362
TGTTGT,6.17843576073031,5.21678227736312
TGTTTA,5.89878946648459,5.2771489210223
TGTTTC,6.19329043658042,5.51578170363458
TGTTTG,6.23902956420571,5.37152274184694
TGTTTT,5.90554200873462,5.2893684439177
TTAAAA,6.741072896048,5.89744694463945
TTAAAC,7.07418997993082,6.02683012810175
TTAAAG,6.74045306796841,5.90271229803517
TTAAAT,7.12002572534711,5.98444826629557
TTAACA,6.76602710525,6.00175633851647
TTAACC,6.69331491872417,5.92922309363542
TTAACG,6.43223358734494,5.77799953559582
TTAACT,6.51878033799511,5.53799964943596
TTAAGA,6.58558514433442,5.67707182141832
TTAAGC,7.05407360598906,6.08276485684396
TTAAGG,6.60008509158139,5.79147112516833
TTAAGT,6.52614361409069,5.86684664226918
TTAATA,7.01652876848581,6.10790553245562
TTAATC,6.99720433892667,5.98864763147083
TTAATG,6.59831612431292,5.77421387968403
TTAATT,6.72997088353263,5.91177645155079
TTACAA,6.79898590587049,5.95699283736262
TTACAC,6.43504018201709,5.6293415154081
TTACAG,6.52763047218973,5.83660962864699
TTACAT,6.73130538556513,5.84485889672115
TTACCA,6.99825916580145,6.16528560788594
TTACCC,7.17002080356385,6.22654699064667
TTACCG,6.62443286393015,5.68080332639215
TTACCT,6.69292556380645,5.77710250125548
TTACGA,6.75262123981689,5.79305817643878
TTACGC,6.54473577970121,5.60852953077242
TTACGG,6.33018411070363,5.42583412358953
TTACGT,6.38721808786125,5.64784276767021
TTACTA,6.85285370287881,6.06912777898305
TTACTC,6.62102570612765,5.89164421782588
TTACTG,6.47648058051474,5.57528416790474
TTACTT,6.60728435591893,5.67123754605143
TTAGAA,6.76660327140933,5.9006269078097
TTAGAC,6.75940712692233,5.96904536462167
TTAGAG,6.75267240066025,5.9173651706055
TTAGAT,7.03998211835419,6.06688163630767
TTAGCA,6.60530674298472,5.80484495505167
TTAGCC,7.19497454458885,6.31614072287154
TTAGCG,6.66679009929205,6.01669933880727
TTAGCT,6.74902138778882,5.82943603285559
TTAGGA,6.53818243059962,5.80311247887779
TTAGGC,6.70782795756037,5.72504571911402
TTAGGG,6.21154544529782,5.56002463591532
TTAGGT,6.89579722968924,5.93445374406742
TTAGTA,6.72623095832308,5.92668861826945
TTAGTC,6.77103480282036,5.98113715392375
TTAGTG,6.87147082395608,5.96345590804137
TTAGTT,6.94914483835877,6.07497061283298
TTATAA,6.4460312242313,5.6700163132784
TTATAC,6.58550709100783,5.77242965764188
TTATAG,6.09108775192016,5.65324729898065
TTATAT,6.52725792934411,5.7608596893525
TTATCA,6.37478338960717,5.81950212653989
TTATCC,6.41276997113315,5.56959484186815
TTATCG,6.83186655473224,6.01981132483483
TTATCT,6.19563442946725,5.67783481703575
TTATGA,5.46569256275351,4.83140853711689
TTATGC,5.72779339994635,5.11501489967712
TTATGG,4.20101719778565,3.34046189424174
TTATGT,5.53622714666902,4.9052216035051
TTATTA,6.78198853098814,5.78749914662857
TTATTC,6.21949427282121,5.37905134994759
TTATTG,6.52568587059965,5.59460259753228
TTATTT,6.77173095001406,5.87459587747531
TTCAAA,6.63203372545092,5.88811900600648
TTCAAC,6.54259135090523,5.8885550574967
TTCAAG,6.71911914758952,5.76072500071181
TTCAAT,6.83798407472969,6.01923822166561
TTCACA,6.87787072312247,6.07553319244528
TTCACC,6.844822709671,6.022220133973
TTCACG,6.43640373648672,5.8028580906509
TTCACT,6.36453345454438,5.63745686806354
TTCAGA,6.73315937515505,5.89246944327442
TTCAGC,6.63343291069192,5.86138191370692
TTCAGG,6.70141282704833,5.84829713275956
TTCAGT,6.80904005447646,5.95348129272615
TTCATA,6.89790447375211,6.25726099268678
TTCATC,6.46773684665,5.78385902309375
TTCATG,6.74079426774306,5.88022245129102
TTCATT,6.46533631337954,5.74987341900846
TTCCAA,6.58347425497188,5.78579756810851
TTCCAC,6.91986494218739,6.0870366631413
TTCCAG,6.68619632874197,5.95555531746868
TTCCAT,6.59326961805737,5.86111164875193
TTCCCA,6.60123358516104,5.81833854764063
TTCCCC,5.89936897407952,5.48587044063524
TTCCCG,6.68701340403277,5.81531359156787
TTCCCT,6.69939801625304,5.9418067750187
TTCCGA,6.32308158179863,5.65406045342627
TTCCGC,6.54148220152475,5.7336381058175
TTCCGG,6.69929373628492,5.68771395633934
TTCCGT,6.97188174185682,5.93126066122545
TTCCTA,6.61484303603431,5.81485095446345
TTCCTC,6.26684012376184,5.56889169287921
TTCCTG,6.48270473558913,5.75020787268696
TTCCTT,6.4424347447741,5.72669982145744
TTCGAA,6.99890191623402,6.18832159765793
TTCGAC,6.81089424061735,6.06187231246559
TTCGAG,6.34895574028,5.58870097656625
TTCGAT,6.54814359696138,5.84754013414108
TTCGCA,6.86841268114273,6.03431856742364
TTCGCC,6.55808137068167,5.34794637726167
TTCGCG,6.19824911471484,5.65820443508871
TTCGCT,6.87348873456833,5.9326681950925
TTCGGA,6.6800185710086,5.82885424064791
TTCGGC,6.59622463856457,5.57405718488143
TTCGGG,6.43876944797871,5.59138163640443
TTCGGT,7.0837188618627,6.17983441949905
TTCGTA,6.47401967314778,5.66662439653083
TTCGTC,7.10785536949,6.16828374788359
TTCGTG,7.20945371795977,6.23802892261628
TTCGTT,6.51239074880659,5.84965092623591
TTCTAA,6.50524064563688,5.74876923122026
TTCTAC,6.80787951436031,5.96698491971719
TTCTAG,6.33208886702683,5.63243789328111
TTCTAT,6.88689068399887,6.01532801371585
TTCTCA,6.6802597980944,5.91699859651333
TTCTCC,6.25685839448862,5.53087672480912
TTCTCG,6.7484212503884,5.867094874353
TTCTCT,6.48987328413595,5.734569511125
TTCTGA,6.58033101863754,5.77287425023892
TTCTGC,6.55113700692114,5.55550992543109
TTCTGG,6.39676491190872,5.48372368946821
TTCTGT,6.45216783773098,5.65744015567098
TTCTTA,6.50185767778077,5.73447757440462
TTCTTC,7.13434422505981,6.06042474607241
TTCTTG,6.93173536131282,5.98747538188487
TTCTTT,6.82845439283857,5.81346039703943
TTGAAA,7.16835215706461,6.16293733666882
TTGAAC,6.78039409300284,5.91898334121407
TTGAAG,6.73855615210792,5.72081808879333
TTGAAT,6.86039957431307,5.90385653657093
TTGACA,6.72109049417752,5.9033012055403
TTGACC,7.16524847096286,6.11560020891163
TTGACG,6.55792528373926,5.60593248927037
TTGACT,7.33857412490939,6.36198851901184
TTGAGA,7.01831400604203,6.12337538263646
TTGAGC,7.2432712780571,6.29338382650032
TTGAGG,6.71093142110819,5.87111791298926
TTGAGT,6.57249928473701,5.74154742454239
TTGATA,6.78869369407739,5.77971239027319
TTGATC,7.040339587615,6.24225177229548
TTGATG,6.96855902776179,5.85158766610893
TTGATT,7.06871353185969,6.18530293958594
TTGCAA,6.33381404719467,5.53521349511333
TTGCAC,6.52959805551344,5.61085904395
TTGCAG,6.22320346394836,4.72350212605319
TTGCAT,6.65932130716439,5.84386493548368
TTGCCA,6.36476007661057,5.31274859719114
TTGCCC,6.32348648664409,5.46669525171409
TTGCCG,6.52346943903207,5.17907460609345
TTGCCT,6.75850063585,5.75475493506158
TTGCGA,6.68800153644756,5.80199432789411
TTGCGC,6.2231757036796,5.5039921447134
TTGCGG,6.39502122932407,5.17107578538386
TTGCGT,6.50297710068717,5.59304346979233
TTGCTA,6.46923901931406,5.62483663434435
TTGCTC,6.47507495169895,5.65927060191342
TTGCTG,5.84686884398808,4.75958152348615
TTGCTT,6.57077695132346,5.73388810941115
TTGGAA,6.65462911525853,5.70004894255821
TTGGAC,6.36545157595047,5.6272622763875
TTGGAG,6.54245690210787,5.76385174292869
TTGGAT,6.96474505139574,6.18370456560426
TTGGCA,6.65864819373421,5.80110635100821
TTGGCC,6.20897230568318,5.63236905866455
TTGGCG,6.48272145679825,5.59753968830386
TTGGCT,7.0646480818556,6.3701303782736
TTGGGA,6.5339885144854,5.87766289618013
TTGGGC,6.30747115937948,5.38884211987759
TTGGGG,6.50356506971338,5.75862427263792
TTGGGT,6.51406898697347,5.63378642027093
TTGGTA,6.58710833783725,5.76673857125899
TTGGTC,6.73269654200963,5.79757104632593
TTGGTG,6.434288237002,5.61255516150418
TTGGTT,6.63063678040255,5.872624454502
TTGTAA,6.20306027679097,5.51498751424569
TTGTAC,6.41998148706769,5.64556182892354
TTGTAG,6.1962859656807,5.31676932049298
TTGTAT,6.27314082148305,5.44282337344466
TTGTCA,6.77287764290351,5.86183076601649
TTGTCC,6.51603706944652,5.92180845983935
TTGTCG,6.23596692992898,5.3128458390849
TTGTCT,6.10800613249364,5.37912581096394
TTGTGA,6.21356292858689,5.37371695207934
TTGTGC,6.06372304474346,5.15966138108827
TTGTGG,5.95008985920567,5.07446787453567
TTGTGT,6.25088109436696,5.27401240852543
TTGTTA,6.58738196402729,5.67628872160417
TTGTTC,6.76305077096849,6.01075216094038
TTGTTG,6.26825612126744,5.37450395542
TTGTTT,6.56866925664902,5.40122775086529
TTTAAA,6.78640391620172,5.98819389156
TTTAAC,6.87770767691352,6.03842714884955
TTTAAG,6.35275847899313,5.52876307032194
TTTAAT,7.10203220011531,6.17675439772185
TTTACA,6.69893479287023,5.793665765772
TTTACC,6.52116680191163,5.68466467672837
TTTACG,6.26602766859469,5.51683506126125
TTTACT,7.09882075740305,6.06286598116271
TTTAGA,7.03192021506835,6.12803412728077
TTTAGC,6.9409050970896,6.073494751429
TTTAGG,6.71315671702203,5.7465060837787
TTTAGT,6.759352772188,5.84931050835545
TTTATA,6.6069302702736,5.70445935510213
TTTATC,7.0418288376065,6.15436979835583
TTTATG,6.52254403060083,5.70436388602333
TTTATT,6.94103783822264,6.06843003537943
TTTCAA,6.82412557048455,5.93998610456736
TTTCAC,6.5420383388422,5.73854928519627
TTTCAG,6.07731022541407,5.41820476442722
TTTCAT,6.76076363360684,5.80495985309228
TTTCCA,6.56368083375077,5.92977668249288
TTTCCC,6.21321765121,5.46006339998625
TTTCCG,6.25177015995836,5.59194848461855
TTTCCT,7.03331913126333,6.15702042957615
TTTCGA,6.66484735805218,5.84750119785974
TTTCGC,6.23496688640655,5.35902824768931
TTTCGG,6.68209659890127,5.80454140298481
TTTCGT,6.50846264894682,5.61893049654136
TTTCTA,6.8453679005364,5.8256727398554
TTTCTC,6.30725235984528,5.7331671969417
TTTCTG,6.7832042037303,5.62830050641471
TTTCTT,6.41006107496421,5.70864732904974
TTTGAA,6.92621453448632,5.96485751956713
TTTGAC,6.76094023713708,6.07270701368396
TTTGAG,6.96287630474542,6.16580715606881
TTTGAT,6.76480934064197,6.05678250894759
TTTGCA,6.46530821326034,5.82467049658983
TTTGCC,6.2347745282875,5.51011400774375
TTTGCG,6.72563262483146,5.79783847467354
TTTGCT,6.30776418551293,5.60918649798537
TTTGGA,6.59092064359339,5.76449028842565
TTTGGC,6.65368711992475,5.68442825567983
TTTGGG,6.30040037801778,5.68705592472278
TTTGGT,6.87386524313241,5.97972000579483
TTTGTA,6.83417616665906,6.14944556899078
TTTGTC,6.84666371178115,5.94954035543942
TTTGTG,6.8770511264156,5.9498703614536
TTTGTT,6.98390283892571,5.87632409411184
TTTTAA,6.48944275944446,5.81697655385014
TTTTAC,6.39199578815696,5.59042081335522
TTTTAG,6.46365304542019,5.76722945646132
TTTTAT,6.58284742237362,5.60246694235021
TTTTCA,6.57201801109768,5.82469402523188
TTTTCC,6.64544948541043,5.82326814939848
TTTTCG,6.94540893786315,5.97371762284241
TTTTCT,6.2785336179778,5.51089176404732
TTTTGA,6.1647828716924,5.53889881592147
TTTTGC,6.31404109062103,5.59679568213845
TTTTGG,6.67377567626465,5.75683011411879
TTTTGT,5.94046701977194,5.26521336345548
TTTTTA,6.77959987716718,5.78286153276256
TTTTTC,6.8344746253015,5.7509509937825
TTTTTG,6.69356840862214,5.97780628704143
TTTTTT,6.42213159715958,5.63392208790354
